title,link,date,content_snippet
Qatar Airways Rute Bali-Doha Batal Terbang Malam Ini Imbas Iran-Israel,https://www.cnnindonesia.com/ekonomi/20250624205015-92-1243463/qatar-airways-rute-bali-doha-batal-terbang-malam-ini-imbas-iran-israel,2025-06-24,"Qatar Airways membatalkan penerbangan internasional rute Denpasar-Doha yang direncanakan terbang malam ini (24/6) pukul 19.20 WITA dari Bandara Internasional I Gusti Ngurah Rai, Bali."
"Alfamart di IIHF 2025, Dukung Visi Halal Global dari BPJPH",https://www.cnnindonesia.com/ekonomi/20250624203141-625-1243460/alfamart-di-iihf-2025-dukung-visi-halal-global-dari-bpjph,2025-06-24,Alfamart memastikan dukungan terhadap ekosistem halal di dalam negeri dengan berpartisipasi pada ajang Indonesia International Halal Festival (IIHF) 2025 yang diadakan di Jakarta International Convention Center (JICC).
Bahlil Akui Cuan Hilirisasi Baru Dinikmati Investor - Pemerintah Pusat,https://www.cnnindonesia.com/ekonomi/20250624145616-85-1243307/bahlil-akui-cuan-hilirisasi-baru-dinikmati-investor-pemerintah-pusat,2025-06-24,Menteri Energi dan Sumber Daya Mineral (ESDM) Bahlil Lahadalia mengakui manfaat ekonomi hilirisasi industri di Indonesia baru bisa dinikmati oleh investor dan pemerintah pusat.
Rosan Klaim Perang Iran Vs Israel Belum Berdampak ke Investasi RI,https://www.cnnindonesia.com/ekonomi/20250624161318-92-1243352/rosan-klaim-perang-iran-vs-israel-belum-berdampak-ke-investasi-ri,2025-06-24,Menteri Investasi dan Hilirisasi/Kepala Badan Koordinasi Penanaman Modal (BKPM) Rosan Roeslani mengklaim perang Iran vs Israel yang saat ini memanas belum memberikan dampak langsung terhadap investasi asing di Indonesia.
KKP: Pulau Kecil Tak Boleh Ditambang!,https://www.cnnindonesia.com/ekonomi/20250624142555-85-1243284/kkp-pulau-kecil-tak-boleh-ditambang,2025-06-24,Kementerian Kelautan dan Perikanan (KKP) tidak akan membuka ruang bagi aktivitas penambangan di pulau-pulau kecil Indonesia.
Garuda Batalkan Penerbangan Doha-Jakarta Imbas Perang Iran-Israel,https://www.cnnindonesia.com/ekonomi/20250624194111-92-1243441/garuda-batalkan-penerbangan-doha-jakarta-imbas-perang-iran-israel,2025-06-24,"Kementerian Perhubungan (Kemenhub) menyebut sejumlah penerbangan Indonesia ke Timur Tengah dibatalkan karena perang Iran vs Israel, termasuk penerbangan Garuda Indonesia."
"Minim Lapangan Kerja, Konsumsi Kelas Menengah RI Turun",https://www.cnnindonesia.com/ekonomi/20250624110741-532-1243154/minim-lapangan-kerja-konsumsi-kelas-menengah-ri-turun,2025-06-24,Bank Dunia mengungkapkan nasib kelas menegah Indonesia (RI) di tengah himpitan ketidakpastian ekonomi.
Seberapa Banyak Impor Minyak RI yang Dikirim Lewat Selat Hormuz?,https://www.cnnindonesia.com/ekonomi/20250624185759-85-1243429/seberapa-banyak-impor-minyak-ri-yang-dikirim-lewat-selat-hormuz,2025-06-24,PT Pertamina (Persero) mengungkap jumlah impor minyak mentah (crude) pesanan Indonesia yang dikirim melalui Selat Hormuz.
Bahlil Minta Rakyat Doa Agar BBM Tak Naik Imbas Perang Iran-Israel,https://www.cnnindonesia.com/ekonomi/20250624140348-85-1243255/bahlil-minta-rakyat-doa-agar-bbm-tak-naik-imbas-perang-iran-israel,2025-06-24,Menteri Energi dan Sumber Daya Mineral (ESDM) Bahlil Lahadalia meminta masyarakat berdoa agar harga BBM tak melonjak karena perang Iran melawan Israel.
Sinergi Pemerintah & Swasta Dorong Kualitas SDM Lewat Ketahanan Pangan,https://www.cnnindonesia.com/ekonomi/20250624171732-537-1243398/sinergi-pemerintah-swasta-dorong-kualitas-sdm-lewat-ketahanan-pangan,2025-06-24,"Dalam upaya mengakselerasi program prioritas seperti pemerataan akses pangan dan peningkatan gizi guna menjawab tantangan ketahanan pangan nasional serta mendorong peningkatan kualitas sumber daya manusia (SDM), pemerintah ditegaskan perlu berkolaborasi lintas sektor."
"ESDM: Lewat Pabrik Baterai EV, RI Bisa Turunkan Impor BBM 300 Ribu KL",https://www.cnnindonesia.com/ekonomi/20250629214037-92-1244957/esdm-lewat-pabrik-baterai-ev-ri-bisa-turunkan-impor-bbm-300-ribu-kl,2025-06-29,"Menteri Energi dan Sumber Daya Mineral (ESDM) Bahlil Lahadalia menyampaikan, Indonesia bisa menurunkan impor bahan bakar minyak (BBM) hingga 300 ribu kiloliter (KL) lewat pabrik baterai kendaraan listrik (electric vehicle/EV) di Karawang, Jawa Barat."
"Swasembada Energi Bisa Hemat hingga Rp939,6 T per Tahun",https://www.cnnindonesia.com/ekonomi/20250629174504-532-1244934/swasembada-energi-bisa-hemat-hingga-rp9396-t-per-tahun,2025-06-29,"Presiden Prabowo Subianto menyebut Indonesia dapat menghemat hingga US$58 miliar atau setara Rp939,6 triliun per tahun (asumsi kurs Rp16.200 per dolar AS) jika sudah mencapai swasembada energi."
Prabowo Beber Industri Baterai EV Malut-Karawang Bisa Hasilkan Rp777 T,https://www.cnnindonesia.com/ekonomi/20250629171605-85-1244931/prabowo-beber-industri-baterai-ev-malut-karawang-bisa-hasilkan-rp777-t,2025-06-29,Presiden RI Prabowo Subianto mengatakan proyek baterai kendaraan listrik (EV) Ekosistem Industri Baterai Kendaraan Listrik Terintegrasi Konsorsium ANTAM-IBC-CBL dapat menghasilkan nilai tambah sebesar 8 kali dari total investasi.
Kulkas SBS Diskon Jutaan Rupiah di Transmart Full Day Sale Hari Ini,https://www.cnnindonesia.com/ekonomi/20250626150708-97-1244169/kulkas-sbs-diskon-jutaan-rupiah-di-transmart-full-day-sale-hari-ini,2025-06-29,"Transmart Full Day Sale datang lagi hari ini, Minggu (29/6), kulkas side by side (SBS) banting harga jutaan rupiah, dari harga normal Rp9 juta jadi Rp6 jutaan."
Prabowo: Cita-Cita Hilirisasi Sudah Dimulai Sejak Bung Karno,https://www.cnnindonesia.com/ekonomi/20250629162838-532-1244926/prabowo-cita-cita-hilirisasi-sudah-dimulai-sejak-bung-karno,2025-06-29,Presiden RI Prabowo Subianto menyebut cita-cita hilirisasi sudah dimulai sejak Presiden ke-1 RI Ir Sukarno.
"Wamen BUMN Kunjungi Nasabah PNM Mekaar di Desa Ulian, Kintamani",https://www.cnnindonesia.com/ekonomi/20250629155700-625-1244923/wamen-bumn-kunjungi-nasabah-pnm-mekaar-di-desa-ulian-kintamani,2025-06-29,"Direktur Utama PT Permodalan Nasional Madani (PNM) Arief Mulyadi beserta jajaran Direksi BRI dan BNI menerima kunjungan Wakil Menteri (Wamen) BUMN Kartika Wirjoatmodjo di Desa Ulian, Kintamani, Bali dalam rangka Peninjauan Pertemuan Kelompok Mingguan (PKM) PNM Mekaar di Cabang Denpasar."
Prabowo Sebut RI Harus Hasilkan 100 GWh Demi Capai Swasembada Energi,https://www.cnnindonesia.com/ekonomi/20250629154507-532-1244910/prabowo-sebut-ri-harus-hasilkan-100-gwh-demi-capai-swasembada-energi,2025-06-29,Presiden RI Prabowo Subianto mengatakan Indonesia harus mampu memproduksi listrik 100 gigawatt (GWh) untuk mencapai swasembada energi.
"Smart TV 50 Inch Banting Harga di Transmart Jadi Rp3,9 Jutaan Aja",https://www.cnnindonesia.com/ekonomi/20250626152828-97-1244183/smart-tv-50-inch-banting-harga-di-transmart-jadi-rp39-jutaan-aja,2025-06-29,"Transmart Full Day Sale kembali lagi hari ini, Minggu (29/6). Aneka barang elektronik banting harga, misalnya beli Smart TV 50 inch di Transmart harganya cuma Rp3,9 jutaan."
"Tarif MRT, LRT, dan Transjakarta Cuma Rp1 pada Selasa 1 Juli",https://www.cnnindonesia.com/ekonomi/20250629112830-92-1244833/tarif-mrt-lrt-dan-transjakarta-cuma-rp1-pada-selasa-1-juli,2025-06-29,"Dinas Perhubungan (Dishub) DKI Jakarta menerapkan tarif khusus untuk LRT, MRT, dan Transjakarta pada Selasa (1/7)."
Prabowo Resmikan Groundbreaking Industri Baterai Kendaraan Listrik,https://www.cnnindonesia.com/ekonomi/20250629150850-532-1244900/prabowo-resmikan-groundbreaking-industri-baterai-kendaraan-listrik,2025-06-29,"Presiden RI Prabowo Subianto meresmikan peletakan batu pertama (groundbreaking) Ekosistem Industri Baterai Listrik Terintegrasi Konsorsium ANTAM-IBC-CBL di Kawasan Artha Industrial Hills (AIH) di Kab. Karawang, Jabar, Minggu (29/6)."
Harga Emas Antam Turun Rp17 Ribu Hari Ini,https://www.cnnindonesia.com/ekonomi/20250627125827-92-1244424/harga-emas-antam-turun-rp17-ribu-hari-ini,2025-06-27,"Harga emas batangan PT Aneka Tambang Tbk (Antam) terpantau melemah pada perdagangan hari ini, Jumat (27/6)."
Harga Minyak Dunia Diklaim Turun Usai Iran-Israel Gencatan Senjata,https://www.cnnindonesia.com/ekonomi/20250627115923-85-1244417/harga-minyak-dunia-diklaim-turun-usai-iran-israel-gencatan-senjata,2025-06-27,Wakil Menteri Energi dan Sumber Daya Mineral (ESDM) Yuliot Tanjung mengklaim harga minyak dunia mulai menunjukkan tren penurunan setelah tercapainya kesepakatan gencatan senjata antara Iran dan Israel.
ESDM: Impor Minyak dan LNG dari Rusia Masih Dikaji,https://www.cnnindonesia.com/ekonomi/20250627103405-85-1244394/esdm-impor-minyak-dan-lng-dari-rusia-masih-dikaji,2025-06-27,Wakil Menteri Energi dan Sumber Daya Mineral (ESDM) Yuliot Tanjung menyatakan pemerintah Indonesia masih mengkaji lebih lanjut rencana impor minyak dan gas alam cair (LNG) dari Rusia.
Anak Buah Bahlil Bersuara soal Ekspor Batu Bara RI Merosot 19 Persen,https://www.cnnindonesia.com/ekonomi/20250627094057-85-1244385/anak-buah-bahlil-bersuara-soal-ekspor-batu-bara-ri-merosot-19-persen,2025-06-27,"Pelaksana Harian (Plh) Direktur Jenderal Minyak dan Gas Bumi Kementerian Energi dan Sumber Daya Mineral (ESDM), Tri Winarno, buka suara terkait penurunan nilai ekspor batu bara Indonesia sebesar 19,74 persen pada periode Januari-April 2025, dibandingkan dengan tahun sebelumnya."
Cak Imin: Pembangunan Bandara Bali Utara Direstui Prabowo,https://www.cnnindonesia.com/ekonomi/20250627091103-92-1244372/cak-imin-pembangunan-bandara-bali-utara-direstui-prabowo,2025-06-27,Menteri Koordinator Bidang Pemberdayaan Masyarakat (Menko PM) Abdul Muhaimin Iskandar (Cak Imin) mengatakan pembangunan Bandara Internasional Bali Utara (BIBU) mendapatkan restu Presiden Republik Indonesia Prabowo Subianto.
Kenapa Sudah Lolos Verifikasi BSU tapi Belum Cair?,https://www.cnnindonesia.com/ekonomi/20250624055652-92-1243048/kenapa-sudah-lolos-verifikasi-bsu-tapi-belum-cair,2025-06-27,"Calon penerima bantuan subsidi upah (BSU) mulai bertanya mengapa uang Rp600 ribu yang dijanjikan Presiden Prabowo Subianto belum kunjung cair, padahal sudah lolos verifikasi."
Larry Ellison Orang Terkaya Ke-2 di Dunia Usai Saham Oracle Meroket,https://www.cnnindonesia.com/ekonomi/20250624052424-92-1243035/larry-ellison-orang-terkaya-ke-2-di-dunia-usai-saham-oracle-meroket,2025-06-27,Pendiri sekaligus Chief Technology Officer (CTO) Oracle Larry Ellison kembali merebut posisi sebagai orang terkaya kedua di dunia setelah saham perusahaannya melonjak tajam ke rekor tertinggi sepanjang masa pekan ini.
Asosiasi Pengusaha Dukung Pemerintah Pajaki Pedagang Online,https://www.cnnindonesia.com/ekonomi/20250627023949-92-1244359/asosiasi-pengusaha-dukung-pemerintah-pajaki-pedagang-online,2025-06-27,"Asosiasi Pengusaha Indonesia mendukung rencana Menteri Keuangan (Menkeu) Sri Mulyani memajaki pelapak atau penjual di e-commerce seperti Shopee, Tokopedia, TikTok Shop, Lazada, dan Bukalapak cs."
"IIHF 2025, ESQ Halal Center Rekrut Ribuan P3H Perkuat Ekosistem Halal",https://www.cnnindonesia.com/ekonomi/20250621221725-625-1242360/iihf-2025-esq-halal-center-rekrut-ribuan-p3h-perkuat-ekosistem-halal,2025-06-21,"ESQ Halal Center menunjukkan komitmennya dalam memperkuat ekosistem halal nasional dan mendukung visi Indonesia menjadi pusat halal dunia. Komitmen itu diwujudkan dengan ESQ berpartisipasi aktif dalam Indonesia International Halal Festival (IIHF) 2025, yang berlangsung di Jakarta Convention Center pada 20-22 Juni 2025."
Kemenko Perekonomian Apresiasi Smelter PTFI Beroperasi Lebih Cepat,https://www.cnnindonesia.com/ekonomi/20250621211856-625-1242350/kemenko-perekonomian-apresiasi-smelter-ptfi-beroperasi-lebih-cepat,2025-06-21,"Kementerian Koordinator Bidang Perekonomian memberikan apresiasi tinggi kepada PT Freeport Indonesia (PTFI) atas percepatan operasional smelter di Kawasan Ekonomi Khusus (KEK) Gresik. Smelter tersebut berhasil beroperasi kembali sejak pertengahan Mei 2025, lebih cepat dari jadwal semula di pekan ketiga Juni."
"Jangan Lupa ke Transmart Full Day Sale Besok, Ada Diskon 50% + 20%",https://www.cnnindonesia.com/ekonomi/20250620162042-97-1241985/jangan-lupa-ke-transmart-full-day-sale-besok-ada-diskon-50-20,2025-06-21,"Jangan lupa ke Transmart ya besok soalnya Transmart Full Day Sale kembali lagi, Minggu (22/6). Di pesta diskon ini, Transmart kasih diskon 50 persen dan ekstra diskon 20 persen selama seharian!"
ID Survey Edukasi Pengunjung soal Ruang Lingkup-Produk Halal,https://www.cnnindonesia.com/ekonomi/20250621191755-92-1242332/id-survey-edukasi-pengunjung-soal-ruang-lingkup-produk-halal,2025-06-21,Staf di both lembaga pemeriksa halal ID Survey memberi edukasi ke pengunjung soal cakupan bidang mereka terkait sertifikasi halal.
Besok Sepeda Listrik Diskon 25% + 20% di Transmart Full Day Sale,https://www.cnnindonesia.com/ekonomi/20250620173808-97-1242021/besok-sepeda-listrik-diskon-25-20-di-transmart-full-day-sale,2025-06-21,Transmart Full Day Sale kembali lagi Minggu (22/6) dengan diskon gede-gedean hingga 25% + 20% untuk sepeda listrik.
Mutu Internasional Apresiasi UMKM yang Raih Sertifikat Halal,https://www.cnnindonesia.com/ekonomi/20250621190456-92-1242329/mutu-internasional-apresiasi-umkm-yang-raih-sertifikat-halal,2025-06-21,"Perusahaan yang melayani jasa testing, inspection, dan certification (TIC) PT Mutu Internasional memberi apresiasi ke Usaha Mikro, Kecil, dan Menengah (UMKM) karena mengantongi sertifikasi halal."
Indonesia Tegaskan Komitmen Kerja Sama Strategis dengan Rusia,https://www.cnnindonesia.com/ekonomi/20250621191258-97-1242330/indonesia-tegaskan-komitmen-kerja-sama-strategis-dengan-rusia,2025-06-21,Pemerintah Indonesia kembali menegaskan komitmennya dalam memperkuat kerja sama strategis di berbagai bidang dengan Rusia.
Anggur dan Pear Century Diskon 20% di Transmart Full Day Sale,https://www.cnnindonesia.com/ekonomi/20250621074056-97-1242147/anggur-dan-pear-century-diskon-20-di-transmart-full-day-sale,2025-06-21,"Transmart Full Day Sale akan kembali digelar besok, Minggu (22/6), tebar diskon seharian. Aneka buah segar juga diskon 20 persen selama gelaran ini."
Kemnaker & Kemenpar Jalin Kerja Sama Dorong Daya Saing SDM Pariwisata,https://www.cnnindonesia.com/ekonomi/20250621182758-97-1242323/kemnaker-kemenpar-jalin-kerja-sama-dorong-daya-saing-sdm-pariwisata,2025-06-21,Menteri Ketenagakerjaan (Menaker) Yassierli dan Menteri Pariwisata (Menpar) Widiyanti Putri Wardhana menandatangani Kesepahaman Bersama tentang 'Sinergi Program di Bidang Ketenagakerjaan dalam Rangka Peningkatan Daya Saing SDM Pariwisata' di Gedung Sapta Pesona Kemenpar Jakarta pada Jumat (20/6).
Tebus Murah Aneka Barang Elektronik di Transmart Full Day Sale Besok,https://www.cnnindonesia.com/ekonomi/20250620163413-97-1241989/tebus-murah-aneka-barang-elektronik-di-transmart-full-day-sale-besok,2025-06-21,"Transmart Full Day Sale kembali lagi besok, Minggu (22/6). Saatnya tebus murah, karena aneka barang elektronik seperti AC hingga Smart TV, diskon gede-gedean!"
BPJPH Tengah Susun Aturan Baru Mudahkan Sertifikasi Halal UKM,https://www.cnnindonesia.com/ekonomi/20250622182619-92-1242572/bpjph-tengah-susun-aturan-baru-mudahkan-sertifikasi-halal-ukm,2025-06-22,Badan Penyelenggara Jaminan Produk Halal (BPJPH) tengah menyusun aturan untuk mempermudah pelaku usaha kecil menengah (UKM mendapatkan sertifikasi halal.
BPJPH Sebut Banyak Pelaku Usaha Tak Tertib Sertifikasi Halal,https://www.cnnindonesia.com/ekonomi/20250622181531-92-1242571/bpjph-sebut-banyak-pelaku-usaha-tak-tertib-sertifikasi-halal,2025-06-22,"Badan Penyelenggara Jaminan Produk Halal (BPJPH) mengungkap masih banyak usaha yang tidak memiliki sertifikasi halal di Indonesia. Bukan karena tak mampu, melainkan banyak pelaku yang tak tertib dan meremehkan."
BPJPH Buka 10 Ribu Lowongan Jadi Pendamping Sertifikat Halal,https://www.cnnindonesia.com/ekonomi/20250622164956-625-1242511/bpjph-buka-10-ribu-lowongan-jadi-pendamping-sertifikat-halal,2025-06-22,Badan Penyelenggara Jaminan Produk Halal (BPJPH) membuka lowongan bagi 10.000 orang untuk menjadi pendamping sertifikasi halal.
Kulkas SBS Banting Harga Gede-gedean di Transmart Full Day Sale,https://www.cnnindonesia.com/ekonomi/20250620171115-97-1242001/kulkas-sbs-banting-harga-gede-gedean-di-transmart-full-day-sale,2025-06-22,"Transmart Full Day Sale datang lagi hari ini, Minggu (22/6), kulkas side by side (SBS) banting harga jutaan rupiah, dari harga normal Rp9 juta jadi Rp6 jutaan."
Pramono Resmi Ubah Logo dan Nama Bank DKI Jadi Bank Jakarta,https://www.cnnindonesia.com/ekonomi/20250622160732-92-1242502/pramono-resmi-ubah-logo-dan-nama-bank-dki-jadi-bank-jakarta,2025-06-22,Gubernur DKI Jakarta Pramono Anung meresmikan perubahan nama dan logo Bank DKI menjadi Bank Jakarta.
"Smart TV 50 Inch Turun Harga Jadi Rp3,9 Jutaan di Transmart Hari Ini",https://www.cnnindonesia.com/ekonomi/20250620171539-97-1242005/smart-tv-50-inch-turun-harga-jadi-rp39-jutaan-di-transmart-hari-ini,2025-06-22,"Beli Smart TV 65 inch di Transmart Full Day Sale hari ini, Minggu (22/6) pasti cuan, soalnya lagi turun harga gede-gedean. Sayang banget kalau dilewatkan!"
Kemnaker Benchmarking ke BPK untuk Tingkatkan Kualitas JDIH,https://www.cnnindonesia.com/ekonomi/20250622151633-97-1242494/kemnaker-benchmarking-ke-bpk-untuk-tingkatkan-kualitas-jdih,2025-06-22,Kementerian Ketenagakerjaan (Kemnaker) berupaya meningkatkan kualitas layanan dokumentasi dan informasi hukum digital melalui kegiatan benchmarking ke Badan Pemeriksa Keuangan (BPK) pada Jumat (20/6).
Kemnaker Percepat Transformasi Ketenagakerjaan Lewat 5 Program Andalan,https://www.cnnindonesia.com/ekonomi/20250622153440-97-1242497/kemnaker-percepat-transformasi-ketenagakerjaan-lewat-5-program-andalan,2025-06-22,"Kementerian Ketenagakerjaan (Kemnaker) menerapkan lima strategi utama guna menciptakan ekosistem ketenagakerjaan yang adaptif, inklusif, dan berdaya saing."
"MUTU International Dukung BPJPH, Percepat Sertifikasi Halal UMKM",https://www.cnnindonesia.com/ekonomi/20250622142450-625-1242480/mutu-international-dukung-bpjph-percepat-sertifikasi-halal-umkm,2025-06-22,"PT Mutuagung Lestari Tbk (Mutu International) menyatakan komitmennya untuk mendukung percepatan sertifikasi halal bagi pelaku usaha mikro, kecil, dan menengah (UMKM)."
KPPU Restui Akuisisi Tokopedia oleh Tiktok dengan 5 Syarat,https://www.cnnindonesia.com/ekonomi/20250618203325-92-1241236/kppu-restui-akuisisi-tokopedia-oleh-tiktok-dengan-5-syarat,2025-06-18,Komisi Pengawas Persaingan Usaha (KPPU) memberikan persetujuan bersyarat atas pengambilalihan saham atau akuisisi PT Tokopedia oleh TikTok Nusantara (SG) Pte. Ltd (TikTok Nusantara).
Bos Badan Gizi Buka Suara soal Viral Menu MBG Bahan Mentah di Tangsel,https://www.cnnindonesia.com/ekonomi/20250618202756-92-1241233/bos-badan-gizi-buka-suara-soal-viral-menu-mbg-bahan-mentah-di-tangsel,2025-06-18,"Kepala Badan Gizi Nasional (BGN) Dadan Hindayana buka suara terkait beredarnya unggahan di media sosial mengenai pembagian menu Makan Bergizi Gratis (MBG) berupa bahan mentah di wilayah Tangerang Selatan, Banten."
Bos BPJP: Ayam Goreng Widuran Belum Pernah Daftar di Badan Halal,https://www.cnnindonesia.com/ekonomi/20250618200142-92-1241224/bos-bpjp-ayam-goreng-widuran-belum-pernah-daftar-di-badan-halal,2025-06-18,Kepala Badan Penyelenggara Jaminan Produk Halal (BPJPH) Haikal Hasan alias Babe Haikal menyebut  restoran Ayam Goreng Widuran di Solo belum pernah mendaftar sebagai pelaku usaha bersertifikat halal.
ESDM Ungkap 6 Lokasi Proyek Hilirisasi Batu Bara Pengganti LPG,https://www.cnnindonesia.com/ekonomi/20250618194345-85-1241219/esdm-ungkap-6-lokasi-proyek-hilirisasi-batu-bara-pengganti-lpg,2025-06-18,Kementerian Energi dan Sumber Daya Mineral (ESDM) mengungkapkan 6 lokasi proyek hilirisasi batu bara menjadi dimethyl ether (DME). Proyek ini diklaim bisa menekan impor liquid petroleum gas (LPG).
Bos BPJPH Wanti-wanti Label 'No Pork No Lard' Bukan Penanda Halal,https://www.cnnindonesia.com/ekonomi/20250618193326-92-1241216/bos-bpjph-wanti-wanti-label-no-pork-no-lard-bukan-penanda-halal,2025-06-18,Kepala Badan Penyelenggara Jaminan Produk Halal (BPJPH) Haikal Hasan alias Babe Haikal menegaskan penggunaan label 'no pork no lard' tidak dapat dijadikan sebagai penanda kehalalan suatu produk di Indonesia.
Pendapatan PLN Tembus Rp545 T pada 2024,https://www.cnnindonesia.com/ekonomi/20250618191644-85-1241210/pendapatan-pln-tembus-rp545-t-pada-2024,2025-06-18,"PT PLN (Persero) berhasil mencetak pendapatan sebesar Rp545,4 triliun sepanjang 2024. Angka ini meningkat 11,9 persen secara year on year (yoy) dibanding tahun sebelumnya dan menghasilkan laba bersih mencapai Rp17,76 triliun."
BI Perpanjang Keringanan Bayar Tagihan Kartu Kredit hingga Akhir 2025,https://www.cnnindonesia.com/ekonomi/20250618190742-78-1241207/bi-perpanjang-keringanan-bayar-tagihan-kartu-kredit-hingga-akhir-2025,2025-06-18,"Bank Indonesia (BI) memperpanjang kebijakan keringanan pembayaran tagihan kartu kredit hingga akhir tahun ini, yang semula hanya sampai 30 Juni 2025."
Bapanas Harap MBG Dongkrak Harga Ayam yang Sedang Anjlok,https://www.cnnindonesia.com/ekonomi/20250618185402-92-1241204/bapanas-harap-mbg-dongkrak-harga-ayam-yang-sedang-anjlok,2025-06-18,Badan Pangan Nasional (Bapanas) berharap Makan Bergizi Gratis (MBG) bisa ikut mendongkrak harga ayam yang sedang anjlok hingga Rp25 ribu per kilogram (kg).
Babe Haikal Prediksi Ekspor Produk Halal RI Tembus Rp225 T di 2025,https://www.cnnindonesia.com/ekonomi/20250618184529-92-1241203/babe-haikal-prediksi-ekspor-produk-halal-ri-tembus-rp225-t-di-2025,2025-06-18,"Kepala Badan Penyelenggara Jaminan Produk Halal (BPJPH) Haikal Hasan alias Babe Haikal memproyeksikan nilai ekspor produk halal Indonesia dapat menembus US$13,8 miliar atau setara Rp225,66 triliun (asumsi kurs Rp16.352 per dolar AS) pada 2025."
"Harga Ayam Anjlok, Kementan Naikkan HPP Jadi Rp18 Ribu per Kg",https://www.cnnindonesia.com/ekonomi/20250618182853-92-1241200/harga-ayam-anjlok-kementan-naikkan-hpp-jadi-rp18-ribu-per-kg,2025-06-18,Kementerian Pertanian (Kementan) menetapkan harga pokok produksi (HPP) ayam hidup Rp18 ribu per kilogram (kg) setelah harga ayam anjlok di pasaran.
ESDM akan Temui Gubernur NTT Bahas Proyek Geothermal yang Tuai Polemik,https://www.cnnindonesia.com/ekonomi/20250619163844-85-1241592/esdm-akan-temui-gubernur-ntt-bahas-proyek-geothermal-yang-tuai-polemik,2025-06-19,Direktur Jenderal Energi Baru Terbarukan dan Konservasi Energi (EBTKE) Kementerian ESDM Eniya Listiani Dewi bakal menemui gubernur Nusa Tenggara Timur (NTT) untuk membahas pembangunan proyek geothermal di wilayah tersebut yang menuai protes dari berbagai pihak.
KAI Tebar Diskon 20 Persen di Jakarta Fair 2025,https://www.cnnindonesia.com/ekonomi/20250619194639-92-1241654/kai-tebar-diskon-20-persen-di-jakarta-fair-2025,2025-06-19,PT Kereta Api Indonesia (Persero) atau KAI memberikan diskon 20 persen untuk perjalanan kelas eksekutif dan bisnis selama gelaran Jakarta Fair Kemayoran 2025.
Pulau Citlim Kepulauan Riau Dijarah Tambang Ilegal,https://www.cnnindonesia.com/ekonomi/20250619130035-85-1241444/pulau-citlim-kepulauan-riau-dijarah-tambang-ilegal,2025-06-19,"Pulau Citlim di Kecamatan Sugie Besar, Kabupaten Karimun, Provinsi Kepulauan Riau, ditemukan mengalami kerusakan ekosistem akibat aktivitas tambang ilegal."
Wamen Investasi Klaim Preman Pengganggu Investasi Turun,https://www.cnnindonesia.com/ekonomi/20250619142020-92-1241490/wamen-investasi-klaim-preman-pengganggu-investasi-turun,2025-06-19,Wakil Menteri (Wamen) Investasi dan Hilirisasi/Wakil Kepala Badan Koordinasi Penanaman Modal (BKPM) Todotua Pasaribu menyebut kasus preman yang mengganggu para investor telah jauh menurun.
Merger Grab-GoTo Disebut Terganjal Aturan Pemerintah,https://www.cnnindonesia.com/ekonomi/20250619190625-92-1241643/merger-grab-goto-disebut-terganjal-aturan-pemerintah,2025-06-19,"Rencana Grab Holdings Ltd, perusahaan teknologi berbasis di Singapura, untuk mengakuisisi PT GoTo Gojek Tokopedia Tbk dikabarkan menemui kendala regulasi dari pemerintah Indonesia."
"Menperin Resmikan Pabrik Panel Surya Terbesar RI Senilai Rp1,5 T",https://www.cnnindonesia.com/ekonomi/20250619150138-92-1241512/menperin-resmikan-pabrik-panel-surya-terbesar-ri-senilai-rp15-t,2025-06-19,"Menteri Perindustrian Agus Gumiwang Kartasasmita meresmikan pembukaan pabrik sel surya dan modul surya terintegrasi pertama dan terbesar di Indonesia, di Kendal, Jawa Tengah."
"Bank Sentral Swiss Pangkas Suku Bunga Jadi 0%, Ekonomi Global Suram?",https://www.cnnindonesia.com/ekonomi/20250619183750-78-1241632/bank-sentral-swiss-pangkas-suku-bunga-jadi-0-ekonomi-global-suram,2025-06-19,Bank Nasional Swiss (SNB) memangkas suku bunga acuan menjadi nol persen pada Kamis (19/7).
"Pertamina Akuisisi 20% Saham Perusahaan EBT Filipina Senilai Rp1,96 T",https://www.cnnindonesia.com/ekonomi/20250619142835-85-1241492/pertamina-akuisisi-20-saham-perusahaan-ebt-filipina-senilai-rp196-t,2025-06-19,"Pertamina New & Renewable Energy (Pertamina NRE) mengakuisisi 20 persen saham perusahaan energi terbarukan asal Filipina, Citicore Renewable Energy Corporation (CREC)."
"Nego Tarif Trump Belum Tuntas, Kantor Airlangga Beber Update Terkini",https://www.cnnindonesia.com/ekonomi/20250619054628-92-1241293/nego-tarif-trump-belum-tuntas-kantor-airlangga-beber-update-terkini,2025-06-19,Kementerian Koordinator Bidang Perekonomian menegaskan negosiasi tarif impor yang ditetapkan Presiden Amerika Serikat (AS) Donald Trump masih belum tuntas.
OJK Blokir 507 Entitas Pinjol Ilegal hingga Investasi Bodong,https://www.cnnindonesia.com/ekonomi/20250619160910-78-1241567/ojk-blokir-507-entitas-pinjol-ilegal-hingga-investasi-bodong,2025-06-19,Otoritas Jasa Keuangan (OJK) melalui Satuan Tugas Pemberantasan Aktivitas Keuangan Ilegal (Satgas PASTI) telah menghentikan 507 entitas keuangan ilegal sepanjang periode Juni 2025.
"Pentolan Boeing ke India, Rapat Tertutup Bahas Tragedi Air India",https://www.cnnindonesia.com/ekonomi/20250616221808-92-1240377/pentolan-boeing-ke-india-rapat-tertutup-bahas-tragedi-air-india,2025-06-16,Kepala Boeing Commercial Airplanes Stephanie Pope ke India untuk bertemu pimpinan Air India N. Chandrasekaran pada Senin (16/6). Dua sumber mengungkapkan pertemuan itu dilakukan di Gugram dekat bandara New Delhi.
Menko Airlangga & DPM Singapura Perkuat 6 Kerja Sama Strategis,https://www.cnnindonesia.com/ekonomi/20250616210103-537-1240365/menko-airlangga-dpm-singapura-perkuat-6-kerja-sama-strategis,2025-06-16,"Menteri Koordinator Bidang Perekonomian Airlangga Hartarto bersama Wakil Perdana Menteri Singapura yang juga Menteri Perdagangan dan Industri, Gan Kim Yong, memimpin The 15th Indonesia-Singapore Six Bilateral Economic Working Groups Ministerial Meeting (6WG MM) di Singapura, Minggu (15/6)."
Pembiayaan Konsumer Bank Mega Syariah Tumbuh 37% Meski Daya Beli Lesu,https://www.cnnindonesia.com/ekonomi/20250616202101-78-1240347/pembiayaan-konsumer-bank-mega-syariah-tumbuh-37-meski-daya-beli-lesu,2025-06-16,"Bank Mega Syariah berhasil mencatatkan kinerja positif di tengah pelemahan daya beli. Pada Mei 2025, jumlah pembiayaan konsumer terealisasi lebih dari Rp482 miliar atau naik 37,3 persen dari total yang disalurkan periode yang sama pada tahun sebelumnya (yoy)."
Arief Sidarto Resmi Diangkat Jadi Dirut Baru Amman Mineral,https://www.cnnindonesia.com/ekonomi/20250616191901-85-1240338/arief-sidarto-resmi-diangkat-jadi-dirut-baru-amman-mineral,2025-06-16,"PT Amman Mineral Internasional Tbk mengangkat Arief Widyawan Sidarto sebagai Direktur Utama melalui Rapat Umum Pemegang Saham Tahunan (RUPST) yang digelar di Jakarta, Senin (16/6)."
Kementerian PU Keluarkan 5 Jurus Wujudkan Swasembada Pangan Prabowo,https://www.cnnindonesia.com/ekonomi/20250616115019-92-1240147/kementerian-pu-keluarkan-5-jurus-wujudkan-swasembada-pangan-prabowo,2025-06-16,Kementerian Pekerjaan Umum (PU) melancarkan lima strategi untuk mewujudkan swasembada pangan yang dicita-citakan Presiden Prabowo Subianto.
"Naik Whoosh Cuma Rp75 Ribu Selama Masa Libur Sekolah, Ini Ketentuannya",https://www.cnnindonesia.com/ekonomi/20250616184728-92-1240330/naik-whoosh-cuma-rp75-ribu-selama-masa-libur-sekolah-ini-ketentuannya,2025-06-16,KCIC menebar promo tiket kereta cepat Whoosh dengan tarif mulai Rp75 ribu hingga Rp100 ribu per perjalanan selama liburan sekolah atau sepanjang Juni hingga Juli 2025.
Pemerintah Mau Turunkan Cicilan Rumah Subsidi Jadi Rp600 Ribu,https://www.cnnindonesia.com/ekonomi/20250616183407-92-1240326/pemerintah-mau-turunkan-cicilan-rumah-subsidi-jadi-rp600-ribu,2025-06-16,Kementerian Perumahan dan Kawasan Permukiman (PKP) mengkaji kemungkinan menurunkan cicilan rumah subsidi menjadi Rp600 ribu per bulan.
Pemerintah Kawal Realisasi Program Prioritas Pendidikan Nasional,https://www.cnnindonesia.com/ekonomi/20250613181038-537-1239561/pemerintah-kawal-realisasi-program-prioritas-pendidikan-nasional,2025-06-16,"Pemerintah terus memantau realisasi program prioritas di bidang pendidikan yang meliputi pembangunan sekolah unggulan, sekolah rakyat, dan revitalisasi sekolah."
Pemprov Jabar Punya Utang Rp311 M ke BPJS Kesehatan,https://www.cnnindonesia.com/ekonomi/20250616181054-532-1240320/pemprov-jabar-punya-utang-rp311-m-ke-bpjs-kesehatan,2025-06-16,Pemerintah Provinsi Jawa Barat (Pemprov Jabar) ternyata memiliki utang Rp311 miliar ke BPJS Kesehatan untuk tagihan kesehatan yang digunakan masyarakat sejak 2023.
Daftar 45 Pensiunan TNI dan Polri yang Jadi Komisaris BUMN,https://www.cnnindonesia.com/ekonomi/20250616141331-92-1240217/daftar-45-pensiunan-tni-dan-polri-yang-jadi-komisaris-bumn,2025-06-16,Ada sekitar 45 pensiunan TNI dan Polri yang menempati kursi komisaris di Badan Usaha Milik Negara (BUMN).
Jumlah BPR Turun Jadi 1.345 Bank per Maret 2024,https://www.cnnindonesia.com/ekonomi/20250617190852-78-1240817/jumlah-bpr-turun-jadi-1345-bank-per-maret-2024,2025-06-17,"Otorita Jasa Keuangan (OJK) mencatat per Maret 2025 jumlah Bank Perekonomian Rakyat (BPR) di Indonesia turun sebanyak 161 menjadi 1.345 bank dibandingkan data Maret 2024, yakni sebanyak 1.392 bank."
UMKM Madu Lokal Naik Kelas dan Tembus Pasar Global Berkat Dukungan BRI,https://www.cnnindonesia.com/ekonomi/20250617202919-625-1240836/umkm-madu-lokal-naik-kelas-dan-tembus-pasar-global-berkat-dukungan-bri,2025-06-17,"PT Bank Rakyat Indonesia (Persero) Tbk terus menunjukkan konsistensinya dalam mendorong pelaku Usaha Mikro, Kecil, dan Menengah (UMKM) untuk naik kelas dan menembus pasar internasional."
Bos Pajak Ungkap Progres Perbaikan Coretax Usai Diperintah Menkeu,https://www.cnnindonesia.com/ekonomi/20250617183824-532-1240811/bos-pajak-ungkap-progres-perbaikan-coretax-usai-diperintah-menkeu,2025-06-17,"Direktur Jenderal Pajak Bimo Wijayanto membeberkan perkembangan perbaikan coretax, terutama sejak dirinya masuk di internal Kementerian Keuangan pada 23 Mei 2025."
Kemenkeu Ungkap 2 Syarat Buka Blokir Anggaran Kementerian,https://www.cnnindonesia.com/ekonomi/20250617195312-532-1240829/kemenkeu-ungkap-2-syarat-buka-blokir-anggaran-kementerian,2025-06-17,Kementerian Keuangan (Kemenkeu) mengungkapkan 2 syarat untuk membuka blokir anggaran kementerian/lembaga (K/L) di era Presiden Prabowo Subianto.
Bank Dunia Sebut Bansos Untungkan Ekonomi RI di Tengah Ketidakpastian,https://www.cnnindonesia.com/ekonomi/20250617105458-532-1240526/bank-dunia-sebut-bansos-untungkan-ekonomi-ri-di-tengah-ketidakpastian,2025-06-17,"Bank Dunia menyoroti pemberian bantuan sosial (bansos) yang dilakukan pemerintah di berbagai negara. Lembaga tersebut mengatakan program belanja sosial menguntungkan kondisi ekonomi negara, termasuk Indonesia."
"Anggaran Makan Gratis Baru Terpakai 6,2 Persen dari Target Prabowo",https://www.cnnindonesia.com/ekonomi/20250617181328-532-1240793/anggaran-makan-gratis-baru-terpakai-62-persen-dari-target-prabowo,2025-06-17,"Kementerian Keuangan (Kemenkeu) mengungkap realisasi anggaran program Makan Bergizi Gratis (MBG) baru terpakai sekitar 6,2 persen dari pagu yang direstui Presiden Prabowo Subianto, Rp71 triliun."
10 Negara Pemberi Utang Terbanyak ke RI: Singapura Nomor Wahid,https://www.cnnindonesia.com/ekonomi/20250617123720-532-1240592/10-negara-pemberi-utang-terbanyak-ke-ri-singapura-nomor-wahid,2025-06-17,"Bank Indonesia (BI) mencatat mencatat posisi utang luar negeri (ULN) Indonesia sebesar US$431,5 miliar atau Rp7.020,02 (kurs Rp16.269 per dolar AS) per April 2025. Jumlah tersebut tumbuh 8,2 persen secara tahunan (yoy)."
Yupi Komitmen Industri Halal dan Aman untuk Anak-anak di IIHF 2025,https://www.cnnindonesia.com/ekonomi/20250617191033-625-1240818/yupi-komitmen-industri-halal-dan-aman-untuk-anak-anak-di-iihf-2025,2025-06-17,PT Yupi Indo Jelly Gum Tbk atau yang lebih dikenal dengan Yupi ikut meramaikan perhelatan Indonesia International Halal Festival (IIHF) 2025 yang digelar di Jakarta Convention Center.
Utang Pemerintah RI Tembus Rp349 T pada Mei 2025,https://www.cnnindonesia.com/ekonomi/20250617183443-532-1240808/utang-pemerintah-ri-tembus-rp349-t-pada-mei-2025,2025-06-17,Realisasi utang pemerintah menembus Rp349 triliun per Mei 2025 atau 45 persen dari target anggaran penerimaan dan belanja negara (APBN) 2025. Hal itu diungkap Wakil Menteri Keuangan Thomas Djiwandono.
Ekspor Batu Bara RI Terancam Merosot Gara-gara Kebijakan China,https://www.cnnindonesia.com/ekonomi/20250617181309-85-1240792/ekspor-batu-bara-ri-terancam-merosot-gara-gara-kebijakan-china,2025-06-17,Ekspor batu bara Indonesia terancam mandek bahkan menurun dalam jangka panjang gara-gara komitmen transisi energi Presiden China Xi Jinping.
Kemenkeu Pantau Efek Lonjakan Harga Minyak Cs Imbas Panas Timur Tengah,https://www.cnnindonesia.com/ekonomi/20250623202755-532-1243001/kemenkeu-pantau-efek-lonjakan-harga-minyak-cs-imbas-panas-timur-tengah,2025-06-23,"Kementerian Keuangan (Kemenkeu) memastikan akan terus memantau dampak perang Iran-Israel, termasuk potensi kenaikan harga minyak dunia, terhadap Anggaran Pendapatan dan Belanja Negara (APBN)."
Pertamina Pastikan Semua Kapal Tanker yang Lewat Selat Hormuz Cs Aman,https://www.cnnindonesia.com/ekonomi/20250623200240-85-1242997/pertamina-pastikan-semua-kapal-tanker-yang-lewat-selat-hormuz-cs-aman,2025-06-23,"PT Pertamina International Shipping (PIS) memastikan seluruh kapal tanker yang melintasi kawasan rawan seperti Terusan Suez, Teluk Arab (Arabian Gulf), dan Selat Hormuz, dalam kondisi aman."
Trump Ngomel AS Kebanyakan Hari Libur Nasional: Miliaran Dolar Hilang!,https://www.cnnindonesia.com/ekonomi/20250623194107-92-1242992/trump-ngomel-as-kebanyakan-hari-libur-nasional-miliaran-dolar-hilang,2025-06-23,Presiden Amerika Serikat (AS) Donald Trump menyatakan terlalu banyak hari libur nasional di Negeri Paman Sam sehingga merugikan perekonomian negara.
"Bank DKI Resmi Umumkan Logo dan Call Name Baru, Bank Jakarta",https://www.cnnindonesia.com/ekonomi/20250623192936-625-1242988/bank-dki-resmi-umumkan-logo-dan-call-name-baru-bank-jakarta,2025-06-23,"Bertepatan dengan momentum Hari Ulang Tahun (HUT) Jakarta ke-498, Bank DKI resmi mengubah call name menjadi Bank Jakarta."
Respons Budi Arie soal Pensiunan Himbara Bisa Masuk Kopdes Merah Putih,https://www.cnnindonesia.com/ekonomi/20250623191514-92-1242984/respons-budi-arie-soal-pensiunan-himbara-bisa-masuk-kopdes-merah-putih,2025-06-23,Menteri Koperasi Budi Arie buka suara soal Menteri Badan Usaha Milik Negara (BUMN) Erick Thohir yang menyebut pegawai Himpunan Bank Milik Negara (Himbara) yang akan memasuki masa pensiun dini dipertimbangkan akan menjadi manajer Koperasi Desa Merah Putih (Kopdes Merah Putih).
"Kopdes Merah Putih Diklaim Bisa Buka 1,6 Juta Lowongan Kerja",https://www.cnnindonesia.com/ekonomi/20250623183658-92-1242975/kopdes-merah-putih-diklaim-bisa-buka-16-juta-lowongan-kerja,2025-06-23,"Kementerian Koperasi (Kemenkop) menargetkan 80 ribu Koperasi Desa Merah Putih (Kopdes Merah Putih) yang akan segera diluncurkan Presiden Prabowo Subianto bisa membuka 1,6 juta lowongan kerja."
"Pembangunan IKN Masuk Fase Kedua, Lelang Mulai Akhir Juni",https://www.cnnindonesia.com/ekonomi/20250623134834-92-1242875/pembangunan-ikn-masuk-fase-kedua-lelang-mulai-akhir-juni,2025-06-23,Pembangunan Ibu Kota Nusantara (IKN) akan masuk fase kedua. Kepala Otorita IKN (OIKN) Basuki Hadimuljono mengatakan lelang proyek akan dimulai pada akhir Juni 2025.
3 Pertimbangan Pemerintah Mau Revisi Aturan 'Pembunuh' Sritex Cs,https://www.cnnindonesia.com/ekonomi/20250623131915-92-1242862/3-pertimbangan-pemerintah-mau-revisi-aturan-pembunuh-sritex-cs,2025-06-23,Menteri Perdagangan Budi Santoso menyatakan revisi Peraturan Menteri Perdagangan (Permendag) Nomor 8 Tahun 2024 tentang Kebijakan dan Pengaturan Impor akan dilakukan dengan mempertimbangkan perlindungan terhadap tiga kelompok industri dalam negeri.
Ekonom Prediksi Perang Iran-Israel Bisa Picu Perpecahan Anggota BRICS,https://www.cnnindonesia.com/ekonomi/20250623134320-92-1242873/ekonom-prediksi-perang-iran-israel-bisa-picu-perpecahan-anggota-brics,2025-06-23,Ekonom menyebut perang Iran dan Israel bisa memicu perpecahan di antara negara anggota BRICS.
Prabowo Bakal Resmikan 80 Ribu Kopdes Merah Putih pada 12 Juli,https://www.cnnindonesia.com/ekonomi/20250623164433-92-1242943/prabowo-bakal-resmikan-80-ribu-kopdes-merah-putih-pada-12-juli,2025-06-23,Presiden Prabowo Subianto akan meresmikan sekitar 80 ribu Koperasi Desa Merah Putih (Kopdes Merah Putih) saat Peringatan Hari Koperasi Nasional ke-78 pada 12 Juli mendatang.
"Pertamina Naikkan Harga BBM per 1 Juli 2025, Pertamax Jadi Rp12.500",https://www.cnnindonesia.com/ekonomi/20250630225736-85-1245346/pertamina-naikkan-harga-bbm-per-1-juli-2025-pertamax-jadi-rp12500,2025-06-30,"Harga BBM non-subsidi di seluruh SPBU Pertamina terpantau naik mulai 1 Juli 2025. Pertamax, Pertamax Turbo, Pertamax Green 95, Dexlite dan Pertamina Dex dijual lebih tinggi dari harga yang dipublikasikan jelang akhir Juni 2025."
Danantara Dapat Pendanaan Baru dari Bank Asing Rp162 T,https://www.cnnindonesia.com/ekonomi/20250630204232-532-1245332/danantara-dapat-pendanaan-baru-dari-bank-asing-rp162-t,2025-06-30,BPI Danantara bakal menerima pendanaan baru dari perbankan asing senilai US$10 miliar atau sekitar Rp162 triliun (asumsi kurs Rp16.200 per dolar AS).
The Trans Icon Apartemen Hadir di Surabaya: Lebih dari Sekadar Hunian,https://www.cnnindonesia.com/ekonomi/20250630203158-92-1245330/the-trans-icon-apartemen-hadir-di-surabaya-lebih-dari-sekadar-hunian,2025-06-30,"Di tengah hiruk pikuk kehidupan urban Kota Surabaya, hadir sebuah hunian dengan konsep yang disebut belum pernah ada sebelumnya di Surabaya. Bukan sekadar tempat tinggal, tapi juga gaya hidup. Itulah value yang ditawarkan The Trans Icon Apartemen Surabaya."
Menpan RB: WFA Bagi ASN Tak Wajib,https://www.cnnindonesia.com/ekonomi/20250630133145-532-1245172/menpan-rb-wfa-bagi-asn-tak-wajib,2025-06-30,Menteri Pendayagunaan Aparatur Negara dan Reformasi Birokrasi (Menpan RB) Rini Widyantini menjelaskan kebijakan work from anywhere (WFA) atau flexible working arrangement (FWA) bagi para PNS tidak wajib.
Burhanuddin Abdullah Buka Suara soal Nasib Badan Penerimaan Negara,https://www.cnnindonesia.com/ekonomi/20250630182621-532-1245288/burhanuddin-abdullah-buka-suara-soal-nasib-badan-penerimaan-negara,2025-06-30,"Ketua Dewan Pakar Tim Kampanye Nasional (TKN) Prabowo-Gibran, Burhanuddin Abdullah buka suara soal kelanjutan pembentukan Badan Penerimaan Negara (BPN) oleh Presiden Prabowo Subianto."
KPPU Minta Danantara Proaktif Konsultasi Sebelum Investasi,https://www.cnnindonesia.com/ekonomi/20250630144550-92-1245220/kppu-minta-danantara-proaktif-konsultasi-sebelum-investasi,2025-06-30,Komisi Pengawas Persaingan Usaha (KPPU) meminta Lembaga Pengelola Investasi Daya Anagata Nusantara (LPI Danantara) agar melakukan konsultasi sebelum melakukan investasi.
DPR Marah ke Kemenhub soal Biaya Aplikasi Ojol 20 Persen: Pungli,https://www.cnnindonesia.com/ekonomi/20250630174321-92-1245277/dpr-marah-ke-kemenhub-soal-biaya-aplikasi-ojol-20-persen-pungli,2025-06-30,Anggota Komisi V DPR Adian Napitupulu marah saat membahas potongan 20 persen dari aplikator terhadap ojol di rapat dengan Kementerian Perhubungan (Kemenhub).
Kemenperin-Bank Dunia Bahas Pembiayaan dan Penguatan Industri Hijau,https://www.cnnindonesia.com/ekonomi/20250630192747-92-1245314/kemenperin-bank-dunia-bahas-pembiayaan-dan-penguatan-industri-hijau,2025-06-30,"Menteri Perindustrian Agus Gumiwang Kartasasmita menerima kunjungan delegasi World Bank yang dipimpin oleh Country Director untuk Indonesia dan Timor-Leste, Carolyn Turk."
"Meriahkan IIHF 2025, Perbadanan Islam Johor Incar Pasar Indonesia",https://www.cnnindonesia.com/ekonomi/20250630192112-625-1245313/meriahkan-iihf-2025-perbadanan-islam-johor-incar-pasar-indonesia,2025-06-30,"Perbadanan Islam Johor (PIJ) turut ambil bagian dalam gelaran Indonesia International Halal Festival (IIHF) 2025 yang berlangsung pada 20-22 Juni di Jakarta Convention Center (JCC). Melalui ajang ini, PIJ membawa misi besar, yakni memperluas pasar produk halal asal Johor ke Indonesia."
Bos Jasa Marga Rivan Purwantono Terpilih Jadi Ketua ATI,https://www.cnnindonesia.com/ekonomi/20250630193108-625-1245316/bos-jasa-marga-rivan-purwantono-terpilih-jadi-ketua-ati,2025-06-30,"PT Jasa Marga (Persero) Tbk mengumumkan Direktur Utama Jasa Marga Rivan Achmad Purwantono, terpilih menjadi Ketua Umum Asosiasi Pengusaha Jalan Tol Indonesia (ATI) periode 2025-2028."
P2MI Target Kirim 400 Ribu Pekerja Migran Indonesia Tiap Tahun,https://www.cnnindonesia.com/ekonomi/20250615181607-92-1239986/p2mi-target-kirim-400-ribu-pekerja-migran-indonesia-tiap-tahun,2025-06-15,Kementerian Pelindungan Pekerja Migran Indonesia (P2MI) menargetkan mengirimkan sekitar 400 ribu pekerja migran Indonesia (PMI) setiap tahun ke luar negeri.
Menteri Koperasi Dorong Pembentukan 80 Percontohan Koperasi Desa,https://www.cnnindonesia.com/ekonomi/20250615203908-92-1240002/menteri-koperasi-dorong-pembentukan-80-percontohan-koperasi-desa,2025-06-15,Menteri Koperasi Budi Arie Setiadi mendorong percepatan pembentukan 80 percontohan Koperasi Desa/Kelurahan Merah Putih di Indonesia.
"LPPOM Dukung IIHF 2025, Wujudkan Indonesia Jadi Pusat Halal Dunia",https://www.cnnindonesia.com/ekonomi/20250615194000-625-1239995/lppom-dukung-iihf-2025-wujudkan-indonesia-jadi-pusat-halal-dunia,2025-06-15,Lembaga Pemeriksa Halal (LPH) LPPOM menyatakan mendukung penuh pelaksanaan Indonesia International Halal Festival (IIHF) 2025 yang digagas oleh Badan Penyelenggara Jaminan Produk Halal (BPJPH). Festival ini dinilai sebagai langkah strategis untuk menjadikan Indonesia sebagai pusat halal dunia.
"Buah Segar Diskon 20% di Transmart Full Day Sale, Jeruk Wokam Rp2.792",https://www.cnnindonesia.com/ekonomi/20250615190143-97-1239990/buah-segar-diskon-20-di-transmart-full-day-sale-jeruk-wokam-rp2792,2025-06-15,"Area produk makanan di Transmart Mal Kota Kasablanka dipadati pengunjung di Transmart Full Day Sale, Minggu (15/6) hari ini."
"Diskon Besar Transmart Kota Kasablanka, Sepeda Listrik Jadi Incaran",https://www.cnnindonesia.com/ekonomi/20250615183834-92-1239988/diskon-besar-transmart-kota-kasablanka-sepeda-listrik-jadi-incaran,2025-06-15,Transmart kembali menggelar Full Day Sale pada Minggu (15/6). Hujan diskon di tengah bulan membuat Transmart dipadati pengunjung yang berburu produk dengan potongan harga besar-besaran.
"Iran dan Israel Saling Serang, Kilang Minyak Ikut Jadi Sasaran",https://www.cnnindonesia.com/ekonomi/20250615173119-85-1239982/iran-dan-israel-saling-serang-kilang-minyak-ikut-jadi-sasaran,2025-06-15,"Iran dan Israel mulai fokus menyerang objek vital ekonomi masing-masing negara, termasuk depo dan kilang minyak."
Kulkas SBS Turun Harga Jutaan Rupiah di Transmart Full Day Sale,https://www.cnnindonesia.com/ekonomi/20250613170140-97-1239540/kulkas-sbs-turun-harga-jutaan-rupiah-di-transmart-full-day-sale,2025-06-15,"Transmart Full Day Sale datang lagi hari ini, Minggu (15/6), kulkas side by side (SBS) turun harga jutaan rupiah, dari harga normal Rp9 juta jadi Rp6 jutaan."
Menkop Budi Ingin DIY Jadi Contoh Pengembangan Kopdes Merah Putih,https://www.cnnindonesia.com/ekonomi/20250615160403-92-1239960/menkop-budi-ingin-diy-jadi-contoh-pengembangan-kopdes-merah-putih,2025-06-15,Menteri Koperasi (Menkop) Budi Arie Setiadi menginginkan Daerah Istimewa Yogyakarta (DIY) menjadi contoh pengembangan Koperasi Desa/Kelurahan (Kopdes) Merah Putih di Indonesia.
Penelitian: Hanya Guyana Negara yang Mampu Swasembada Pangan,https://www.cnnindonesia.com/ekonomi/20250615150223-92-1239947/penelitian-hanya-guyana-negara-yang-mampu-swasembada-pangan,2025-06-15,Sebuah penelitian menemukan banyak negara tidak mampu mencapai swasembada pangan. Hanya satu negara yakni Guyana di Amerika Selatan yang mampu mencapai swasembada pangan untuk tujuh kelompok pangan.
Pakaian Cewek Diskon hingga 30%+20% di Transmart Full Day Sale,https://www.cnnindonesia.com/ekonomi/20250613213654-97-1239612/pakaian-cewek-diskon-hingga-30-20-di-transmart-full-day-sale,2025-06-15,"Pesta diskon Transmart Full Day Sale balik lagi tebar diskon gede-gedean untuk pakaian cewek dari berbagai merek ternama. Yuk, jangan kelewatan promo diskonnya khusus pembelanjaan hari ini, Minggu (15/6)."
"Grab Kontribusi Rp16,3 M Buat Bantu Makan Bergizi Gratis",https://www.cnnindonesia.com/ekonomi/20250613224205-92-1239619/grab-kontribusi-rp163-m-buat-bantu-makan-bergizi-gratis,2025-06-13,"Grab Indonesia menggelontorkan dana sebesar US$1 juta atau setara Rp16,3 miliar (asumsi kurs Rp16.303 per dolar AS) untuk mendukung program Makan Bergizi Gratis (MBG)."
Grab Blak-blakan Bantah Isu Merger dengan GoTo,https://www.cnnindonesia.com/ekonomi/20250613211023-92-1239608/grab-blak-blakan-bantah-isu-merger-dengan-goto,2025-06-13,Grab Indonesia secara terbuka membantah adanya pembicaraan maupun kesepakatan terkait merger dengan PT GoTo Gojek Tokopedia Tbk.
"Airlangga Sebut Tekstil, Sawit Bisa Bebas Tarif di UE, Ini Syaratnya",https://www.cnnindonesia.com/ekonomi/20250613183211-92-1239566/airlangga-sebut-tekstil-sawit-bisa-bebas-tarif-di-ue-ini-syaratnya,2025-06-13,"Pemerintah Indonesia mengklaim tekstil, alas kaki, sampai sawit akan segera bebas tarif impor dari Uni Eropa."
Pemerintah Incar Transaksi Rp60 T dari Pesta Diskon Juni-Juli 2025,https://www.cnnindonesia.com/ekonomi/20250613142221-532-1239418/pemerintah-incar-transaksi-rp60-t-dari-pesta-diskon-juni-juli-2025,2025-06-13,Pemerintah mengincar transaksi Rp60 triliun dari gelaran pesta diskon belanja yang mereka laksanakan Juni 2025-Juli 2025.
Menteri LH Tutup 2 Pabrik Peleburan Logam karena Bikin Udara 'Hitam',https://www.cnnindonesia.com/ekonomi/20250613203333-92-1239599/menteri-lh-tutup-2-pabrik-peleburan-logam-karena-bikin-udara-hitam,2025-06-13,"Menteri Lingkungan Hidup Hanif Faisol Nurofiq mengatakan pihaknya menutup dua pabrik peleburan logam yang ada di Cikarang, Jawa Barat."
Airlangga Ungkap Intaian Bahaya Ekonomi RI Usai Israel Gempur Iran,https://www.cnnindonesia.com/ekonomi/20250613172654-532-1239548/airlangga-ungkap-intaian-bahaya-ekonomi-ri-usai-israel-gempur-iran,2025-06-13,Menteri Koordinator Bidang Perekonomian Airlangga Hartarto mengungkapkan bahaya yang mengintai Indonesia usai Israel menyerang Iran.
"Airlangga Minta UE Perlakukan Khusus Ikan RI, Singgung Pagar Laut",https://www.cnnindonesia.com/ekonomi/20250613185739-92-1239574/airlangga-minta-ue-perlakukan-khusus-ikan-ri-singgung-pagar-laut,2025-06-13,Menteri Koordinator Bidang Perekonomian Airlangga Hartarto meminta Uni Eropa memberikan perlakukan khusus komoditas ikan asal RI.
"Tanpa APBN, Pemerintah Andalkan Swasta Buat Impor 250 Ribu Sapi",https://www.cnnindonesia.com/ekonomi/20250613171227-92-1239544/tanpa-apbn-pemerintah-andalkan-swasta-buat-impor-250-ribu-sapi,2025-06-13,Pemerintah menargetkan impor 250 ribu ekor sapi hidup pada tahun ini tanpa menggunakan dana Anggaran Pendapatan dan Belanja Negara (APBN).
37 Ribu Kopdes Merah Putih Sudah Kantongi Legalitas,https://www.cnnindonesia.com/ekonomi/20250613163615-92-1239505/37-ribu-kopdes-merah-putih-sudah-kantongi-legalitas,2025-06-13,Menteri Koordinator Bidang Pangan Zulkifli Hasan alias Zulhas menyampaikan lebih dari 37 ribu Koperasi Desa Merah Putih telah resmi mengantongi legalitas hingga pertengahan Juni 2025.
"Bahlil Jual Listrik 3,4 GW ke Singapura, Potensi Investasi Rp163 T",https://www.cnnindonesia.com/ekonomi/20250613125449-85-1239360/bahlil-jual-listrik-34-gw-ke-singapura-potensi-investasi-rp163-t,2025-06-13,"Pemerintah Indonesia menyetujui ekspor listrik bersumber dari energi baru terbarukan ke Singapura. Ekspor akan dilakukan bertahap hingga mencapai 3,4 gigawatt."
"Kemendag soal Kiprah Dagang RI: Membaik, Surplus dengan Banyak Negara",https://www.cnnindonesia.com/ekonomi/20250620151305-92-1241954/kemendag-soal-kiprah-dagang-ri-membaik-surplus-dengan-banyak-negara,2025-06-20,Kementerian Perdagangan (Kemendag) menilai banyak pihak tak senang melihat kemajuan perdagangan Indonesia di kancah global.
"Dukung Sekolah Rakyat, Kemnaker dan Kemensos Sepakat Optimalkan BLK",https://www.cnnindonesia.com/ekonomi/20250620203814-97-1242090/dukung-sekolah-rakyat-kemnaker-dan-kemensos-sepakat-optimalkan-blk,2025-06-20,Kementerian Ketenagakerjaan (Kemnaker) menyatakan siap berkolaborasi dengan Kementerian Sosial (Kemensos) untuk mendukung program Sekolah Rakyat yang merupakan gagasan Presiden Prabowo Subianto. Kolaborasi tersebut diwujudkan melalui pemanfaatan Balai Latihan Kerja (BLK) yang dimiliki Kemnaker maupun Unit Pelaksana Teknis Daerah (UPTD) di berbagai wilayah.
KKP Tegaskan Pulau Tidak Bisa Diperjualbelikan,https://www.cnnindonesia.com/ekonomi/20250620201918-92-1242081/kkp-tegaskan-pulau-tidak-bisa-diperjualbelikan,2025-06-20,Kementerian Kelautan dan Perikanan (KKP) menegaskan tidak ada satu pun regulasi di Indonesia yang memperbolehkan penjualan pulau atau pulau kecil.
Kementerian ESDM Godok Aturan Olah Uranium untuk Bahan Baku PLTN,https://www.cnnindonesia.com/ekonomi/20250620203125-85-1242085/kementerian-esdm-godok-aturan-olah-uranium-untuk-bahan-baku-pltn,2025-06-20,Kementerian ESDM tengah menyiapkan aturan untuk mengolah bahan radioaktif seperti uranium yang ditemukan di Kalimantan Barat menjadi bahan baku Pembangkit Listrik Tenaga Nuklir (PLTN).
"Sri Mulyani Tambah Investasi Indonesia di IsDB Cs Rp1,7 T",https://www.cnnindonesia.com/ekonomi/20250620202152-532-1242082/sri-mulyani-tambah-investasi-indonesia-di-isdb-cs-rp17-t,2025-06-20,"Menteri Keuangan (Menkeu) Sri Mulyani menambah investasi Indonesia di tiga bank internasional senilai total Rp1,7 triliun, termasuk Islamic Development Bank (IsDB)."
Bahlil Tawarkan Rusia Garap Ladang Migas RI,https://www.cnnindonesia.com/ekonomi/20250620193227-85-1242065/bahlil-tawarkan-rusia-garap-ladang-migas-ri,2025-06-20,Indonesia menawarkan Rusia untuk masuk dan menggarap proyek minyak dan gas (migas) yang ada di Tanah Air.
Ara Klarifikasi soal Wacana Larang Orang Punya Lebih dari 1 Rumah,https://www.cnnindonesia.com/ekonomi/20250620192156-92-1242058/ara-klarifikasi-soal-wacana-larang-orang-punya-lebih-dari-1-rumah,2025-06-20,Menteri Perumahan dan Kawasan Permukiman (PKP) Maruarar Sirait meluruskan berita-berita yang menyebut dirinya akan melarang orang punya lebih dari satu rumah.
Wamendag Roro Ungkap 'Mindset' Pembangunan Ekonomi Prabowo,https://www.cnnindonesia.com/ekonomi/20250620190154-92-1242052/wamendag-roro-ungkap-mindset-pembangunan-ekonomi-prabowo,2025-06-20,Wakil Menteri Perdagangan (Wamendag) Dyah Roro Esti membocorkan pola pikir (mindset) pembangunan ekonomi Indonesia di era Presiden Prabowo Subianto.
"Pemerintah akan Renovasi Rumah Kumuh Pakai Utang Rp24,5 T Bank Dunia",https://www.cnnindonesia.com/ekonomi/20250620185339-92-1242048/pemerintah-akan-renovasi-rumah-kumuh-pakai-utang-rp245-t-bank-dunia,2025-06-20,"Kementerian Perumahan dan Kawasan Permukiman (PKP) akan merenovasi rumah kumuh menggunakan pinjaman Rp24,5 triliun yang ditawarkan Bank Dunia."
"Pembangunan IKN Masuk Fase Kedua, Lelang Mulai Akhir Juni",https://www.cnnindonesia.com/ekonomi/20250620175907-92-1242028/pembangunan-ikn-masuk-fase-kedua-lelang-mulai-akhir-juni,2025-06-20,Pembangunan Ibu Kota Nusantara (IKN) memasuki fase kedua. Lelang pekerjaan akan dimulai akhir Juni ini.
Trenggono Ungkap Peran Agrinas di Proyek Danantara Rp26 T di Pantura,https://www.cnnindonesia.com/ekonomi/20250625202928-92-1243870/trenggono-ungkap-peran-agrinas-di-proyek-danantara-rp26-t-di-pantura,2025-06-25,"Menteri Kelautan dan Perikanan (KP) Sakti Wahyu Trenggono mengungkapkan peran BUMN PT Agrinas Jaladri Nusantara (Persero) dalam proyek Danantara senilai Rp26 triliun di Pantai Utara (Pantura), Jawa Barat."
Demul - Trenggono Blak-blakan Dampak Proyek Giant Sea Wall di Pantura,https://www.cnnindonesia.com/ekonomi/20250625201526-92-1243862/demul-trenggono-blak-blakan-dampak-proyek-giant-sea-wall-di-pantura,2025-06-25,Gubernur Jawa Barat Dedi Mulyadi (Demul) menjelaskan dampak proyek tanggul laut raksasa alias Giant Sea Wall di Pantai Utara (Pantura).
"Cegah Jual Beli, KKP Bakal Awasi Pulau-pulau Kecil Pakai Satelit",https://www.cnnindonesia.com/ekonomi/20250625200244-92-1243860/cegah-jual-beli-kkp-bakal-awasi-pulau-pulau-kecil-pakai-satelit,2025-06-25,Kementerian Kelautan dan Perikanan (KKP) bakal mengawasi pulau-pulau kecil dengan satelit untuk mencegah praktik jual-beli.
Batam Jadi Kota Percontohan Dekarbonisasi di Sektor Bangunan Gedung,https://www.cnnindonesia.com/ekonomi/20250625194846-92-1243855/batam-jadi-kota-percontohan-dekarbonisasi-di-sektor-bangunan-gedung,2025-06-25,Batam dicanangkan sebagai kota percontohan dekarbonisasi lingkungan binaan di sektor bangunan gedung.
Kopdes Merah Putih Bisa Ajukan Pinjaman ke Bank BUMN Mulai 1 Juli,https://www.cnnindonesia.com/ekonomi/20250625191850-92-1243840/kopdes-merah-putih-bisa-ajukan-pinjaman-ke-bank-bumn-mulai-1-juli,2025-06-25,Menteri Koordinator Bidang Pangan Zulkifli Hasan mengatakan Koperasi Desa Merah Putih (Kopdes Merah Putih) bisa mengajukan pinjaman ke Himpunan Bank Milik Negara (Himbara) atau bank-bank berstatus BUMN mulai 1 Juli 2025.
Demul Targetkan Jabar Bebas Bangunan dan Sertifikat Liar dalam 2 Tahun,https://www.cnnindonesia.com/ekonomi/20250625190454-92-1243834/demul-targetkan-jabar-bebas-bangunan-dan-sertifikat-liar-dalam-2-tahun,2025-06-25,Gubernur Jawa Barat Dedi Mulyadi (Demul) menargetkan wilayahnya akan bebas bangunan liar dan sertifikat liar dalam 2 tahun mendatang.
Trenggono Ungkap 2 Cara Benahi Masalah Pulau Enggano yang Terisolasi,https://www.cnnindonesia.com/ekonomi/20250625142743-92-1243710/trenggono-ungkap-2-cara-benahi-masalah-pulau-enggano-yang-terisolasi,2025-06-25,"Menteri Kelautan dan Perikanan (KP) Sakti Wahyu Trenggono mengungkapkan 2 cara membenahi masalah Pulau Enggano, Provinsi Bengkulu, yang terisolasi."
Proyek Kilang yang Bikin Warga Tuban Jadi Miliarder Masih Terganjal,https://www.cnnindonesia.com/ekonomi/20250625134245-85-1243672/proyek-kilang-yang-bikin-warga-tuban-jadi-miliarder-masih-terganjal,2025-06-25,"Menteri Energi dan Sumber Daya Mineral (ESDM) Bahlil Lahadalia menyebut proyek pembangunan kilang minyak di Tuban, Jawa Timur, masih terkendala."
Bahlil Angkat Mantan Jaksa dan Polisi Jadi Anak Buah di ESDM,https://www.cnnindonesia.com/ekonomi/20250625130232-85-1243650/bahlil-angkat-mantan-jaksa-dan-polisi-jadi-anak-buah-di-esdm,2025-06-25,Menteri Energi dan Sumber Daya Mineral (ESDM) Bahlil Lahadalia menunjuk mantan jaksa dan polisi menjadi pejabat Kementerian ESDM.
Danantara Tertarik Masuk ke Bisnis Film dan K-Pop,https://www.cnnindonesia.com/ekonomi/20250625073554-92-1243541/danantara-tertarik-masuk-ke-bisnis-film-dan-k-pop,2025-06-25,Danantara Indonesia tertarik menjalin kerja sama dengan Korea Selatan dalam bidang industri media dan hiburan seperti film dan K-Pop.
"Kemenkeu Bebaskan Bea-Pajak 1.800 Barang Jemaah Haji Senilai Rp2,4 M",https://www.cnnindonesia.com/ekonomi/20250611213339-92-1238771/kemenkeu-bebaskan-bea-pajak-1800-barang-jemaah-haji-senilai-rp24-m,2025-06-11,"Kementerian Keuangan (Kemenkeu) membebaskan bea masuk dan pajak 1.800 barang jemaah haji Indonesia senilai US$149 ribu alias Rp2,4 miliar (asumsi kurs Rp16.270 per dolar AS) pada hari pertama kepulangan ke Tanah Air."
Kemensos Siap Revisi Data Bansos Jika Standar Kemiskinan Dinaikkan,https://www.cnnindonesia.com/ekonomi/20250611135427-532-1238568/kemensos-siap-revisi-data-bansos-jika-standar-kemiskinan-dinaikkan,2025-06-11,Kementerian Sosial (Kemensos) siap memperbaiki data penerima bantuan sosial (bansos) jika angka garis kemiskinan dinaikkan.
"Prabowo Butuh Rp1.900 T Bangun Infrastruktur, APBN Cukup?",https://www.cnnindonesia.com/ekonomi/20250611154031-92-1238618/prabowo-butuh-rp1900-t-bangun-infrastruktur-apbn-cukup,2025-06-11,Pemerintah membutuhkan uang Rp1.900 triliun untuk membiayai pembangunan infrastruktur selama periode pemerintahan Presiden Prabowo Subianto.
Pemerintah Tawarkan Proyek Sulap Tanah Abang-Blok M ke Investor Asing,https://www.cnnindonesia.com/ekonomi/20250611171714-92-1238680/pemerintah-tawarkan-proyek-sulap-tanah-abang-blok-m-ke-investor-asing,2025-06-11,Pemerintah menawarkan sejumlah proyek bernilai total sekitar Rp200 triliun ke investor asing melalui International Conference on Infrastructure (ICI).
Pemerintah Akan Bangun Tambak Garam Raksasa 10 Ribu Ha di NTT,https://www.cnnindonesia.com/ekonomi/20250611160835-92-1238643/pemerintah-akan-bangun-tambak-garam-raksasa-10-ribu-ha-di-ntt,2025-06-11,"Pemerintah tengah menyiapkan pembangunan kawasan sentra industri garam nasional di Pulau Rote, Kabupaten Rote Ndao, Nusa Tenggara Timur (NTT) seluas 10.764 hektare (ha) sebagai bagian dari strategi swasembada garam."
"DBS Foundation 'Impact Beyond Dialogue', Siap Hadapi Populasi Menua",https://www.cnnindonesia.com/ekonomi/20250611185000-625-1238732/dbs-foundation-impact-beyond-dialogue-siap-hadapi-populasi-menua,2025-06-11,"DBS Foundation bersama Bank DBS Indonesia menyelenggarakan diskusi bertajuk ""Impact Beyond Dialogue - Future-Proofing Indonesia: From Demographic Bonus to Ageing Readiness"" guna meningkatkan kesadaran publik akan pentingnya persiapan sistem sosial dan ekonomi yang inklusif terhadap lansia, sekaligus mendorong kolaborasi lintas generasi dan lintas sektor."
"BABYMONSTER Jadi Brand Ambassador Good Day Latte, Luncurkan Dua Varian",https://www.cnnindonesia.com/ekonomi/20250610125151-625-1238116/babymonster-jadi-brand-ambassador-good-day-latte-luncurkan-dua-varian,2025-06-11,"Brand kopi instan kenamaan Indonesia, Kopi Good Day, resmi menggandeng girl group K-Pop populer asal Korea Selatan, BABYMONSTER, sebagai Brand Ambassador untuk lini produk Good Day Latte."
Komisaris PT GAG Sebut Banyak Foto Editan AI soal Tambang Raja Ampat,https://www.cnnindonesia.com/ekonomi/20250611194421-85-1238749/komisaris-pt-gag-sebut-banyak-foto-editan-ai-soal-tambang-raja-ampat,2025-06-11,Komisaris PT GAG Nikel Ahmad Fahrur Roz mengungkap banyak foto serta video yang beredar mengenai tambang nikel di Raja Ampat hasil editan kecerdasan buatan atau (AI/Artificial Intelligence).
"Perkuat Layanan, Bank Jatim Resmikan Kantor Baru Cabang Caruban",https://www.cnnindonesia.com/ekonomi/20250611193214-625-1238746/perkuat-layanan-bank-jatim-resmikan-kantor-baru-cabang-caruban,2025-06-11,"PT Bank Pembangunan Daerah Jawa Timur Tbk (Bank Jatim) meresmikan kantor cabang barunya di Caruban, Kabupaten Madiun, Selasa (10/6). Kantor yang berlokasi di Jalan Panglima Sudirman No. 179 itu sebelumnya berstatus sebagai kantor cabang pembantu."
Profil PT OTM Milik Anak Riza Chalid yang Kilangnya Disita Kejagung,https://www.cnnindonesia.com/ekonomi/20250611191120-92-1238741/profil-pt-otm-milik-anak-riza-chalid-yang-kilangnya-disita-kejagung,2025-06-11,Kejaksaan Agung (Kejagung) resmi menyita kilang minyak milik PT Orbit Terminal Merak (OTM) pada kasus dugaan korupsi tata kelola minyak mentah dan produk kilang pada PT Pertamina periode 2018-2023.
"Tanggul Laut Jakarta Sudah Berdiri 14,75 KM, Lanjut Tahap 7",https://www.cnnindonesia.com/ekonomi/20250610162025-92-1238238/tanggul-laut-jakarta-sudah-berdiri-1475-km-lanjut-tahap-7,2025-06-10,"Pembangunan tanggul laut di perairan utara DKI Jakarta yang masuk program Pembangunan Terpadu Pesisir Ibukota Negara (PTPIN) sudah mencapai 14,75 kilometer."
Pemilik Bersuara soal Kapal JKW-Iriana Angkut Tambang Nikel Raja Ampat,https://www.cnnindonesia.com/ekonomi/20250610202617-92-1238314/pemilik-bersuara-soal-kapal-jkw-iriana-angkut-tambang-nikel-raja-ampat,2025-06-10,"PT IMC Pelita Logistik Tbk selaku pemilik kapal mengklarifikasi isu penamaan 'Jokowi' dan 'Iriana' yang dikaitkan dengan pengangkutan hasil tambang nikel dari Raja Ampat, Papua Barat Daya."
"BI Catat Uang Primer RI Rp1.939 T, Naik 14,5 Persen Per Mei 2025",https://www.cnnindonesia.com/ekonomi/20250610164630-78-1238254/bi-catat-uang-primer-ri-rp1939-t-naik-145-persen-per-mei-2025,2025-06-10,"Bank Indonesia (BI) mencatat uang primer (MO) adjusted sebesar Rp1.939,1 triliun pada Mei 2025. Jumlah ini naik 14,5 persen secara tahunan (year on year/ yoy)."
Bahlil Klaim Warga Raja Ampat Dukung Tambang: Mereka Juga Ingin Maju,https://www.cnnindonesia.com/ekonomi/20250610151254-85-1238213/bahlil-klaim-warga-raja-ampat-dukung-tambang-mereka-juga-ingin-maju,2025-06-10,"Menteri Energi dan Sumber Daya Mineral (ESDM) Bahlil Lahadalia mengklaim masyarakat dan pemimpin Raja Ampat, Papua Barat Daya, mendukung tambang."
VIDEO: Pernyataan Bahlil soal Cabut 4 Izin Tambang di Raja Ampat,https://www.cnnindonesia.com/ekonomi/20240918124322-89-1145597/video-pernyataan-bahlil-soal-cabut-4-izin-tambang-di-raja-ampat,2025-06-10,Pemerintah memutuskan mencabut izin usaha pertambangan (IUP) empat perusahaan yang beroperasi di sekitar kawasan wisata Raja Ampat.
VIDEO: Prabowo Cabut Izin Tambang Nikel 4 Perusahaan di Raja Ampat,https://www.cnnindonesia.com/ekonomi/20250610183030-89-1238289/video-prabowo-cabut-izin-tambang-nikel-4-perusahaan-di-raja-ampat,2025-06-10,"Presiden Prabowo Subianto mencabut Izin Usaha Pertambangan (IUP) 4 perusahaan yang beroperasi di kawasan Raja Ampat, Papua Barat."
Alasan Prabowo Tak Cabut Izin PT GAG NIkel di Raja Ampat,https://www.cnnindonesia.com/ekonomi/20250610163417-85-1238242/alasan-prabowo-tak-cabut-izin-pt-gag-nikel-di-raja-ampat,2025-06-10,"Pemerintah memutuskan untuk tetap mempertahankan izin tambang PT GAG Nikel (GN) di Raja Ampat, Papua Barat, di tengah pencabutan empat izin usaha pertambangan (IUP) lainnya di wilayah yang sama."
Sepak Terjang Orang-orang di Balik PT GAG di Tengah Ramai  Raja Ampat,https://www.cnnindonesia.com/ekonomi/20250610172737-85-1238270/sepak-terjang-orang-orang-di-balik-pt-gag-di-tengah-ramai-raja-ampat,2025-06-10,"PT GAG tetap diperbolehkan Presiden Prabowo Subianto untuk mengeruk nikel di Raja Ampat, Papua Barat Daya."
APNI Buka Suara soal Pencabutan Izin Tambang Nikel Raja Ampat,https://www.cnnindonesia.com/ekonomi/20250610174527-90-1238271/apni-buka-suara-soal-pencabutan-izin-tambang-nikel-raja-ampat,2025-06-10,"Asosiasi Penambang Nikel Indonesia (APNI) memastikan bahwa PT GAG Nikel telah memenuhi seluruh persyaratan legal dan teknis sebagai perusahaan tambang yang menjalankan praktik ramah lingkungan di Pulau Gag, Raja Ampat."
"Jangan Lewatkan Transmart Full Day Sale Besok, Ada Diskon 50% + 20%",https://www.cnnindonesia.com/ekonomi/20250613153130-97-1239467/jangan-lewatkan-transmart-full-day-sale-besok-ada-diskon-50-20,2025-06-14,"Jangan sampai lewatkan Transmart Full Day Sale besok, Minggu (15/6) ya. Soalnya ada diskon 50 persen dan ada diskon tambahan 20 persen selama seharian!"
"Siap-Siap, Besok Sepeda Listrik Diskon Jutaan Rupiah di Transmart",https://www.cnnindonesia.com/ekonomi/20250613183827-97-1239567/siap-siap-besok-sepeda-listrik-diskon-jutaan-rupiah-di-transmart,2025-06-14,"Transmart Full Day Sale kembali lagi besok, Minggu (15/6) dan bakal kasih diskon gede-gedean hingga 25% + 20% untuk sepeda listrik."
"RUPST, Ini Daftar Direksi dan Komisaris PT Samator Indo Gas Terbaru",https://www.cnnindonesia.com/ekonomi/20250614181050-92-1239809/rupst-ini-daftar-direksi-dan-komisaris-pt-samator-indo-gas-terbaru,2025-06-14,PT Samator Indo Gas Tbk mengumumkan struktur manajemen yang baru dalam Rapat Umum Pemegang Saham Tahunan (RUPST) Tahun Buku 2024.
"Jeruk, Apel, hingga Anggur Diskon 20% di Transmart Full Day Sale",https://www.cnnindonesia.com/ekonomi/20250613210646-97-1239607/jeruk-apel-hingga-anggur-diskon-20-di-transmart-full-day-sale,2025-06-14,"Pesta diskon Transmart Full Day Sale akan kembali digelar besok, Minggu (15/6). Beli buah-buahan yang kualitasnya segar dan sudah pasti ada diskon, ya di Transmart."
"Transmart Full Day Sale, Aneka Barang Elektronik Banting Harga",https://www.cnnindonesia.com/ekonomi/20250613155750-97-1239478/transmart-full-day-sale-aneka-barang-elektronik-banting-harga,2025-06-14,"Transmart Full Day Sale kembali lagi besok, Minggu (15/6). Aneka barang elektronik, seperti AC, kulkas, hingga Smart TV, banting harga sampai jutaan rupiah."
"Transmart Full Day Sale Kembali Lagi 15 Juni, Pesta Diskon 50% + 20%",https://www.cnnindonesia.com/ekonomi/20250613145347-97-1239445/transmart-full-day-sale-kembali-lagi-15-juni-pesta-diskon-50-20,2025-06-14,"Transmart Full Day Sale kembali lagi esok hari, Minggu (15/6). Di pesta diskon ini, Transmart kasih diskon dobel, 50 persen dan ekstra diskon 20 persen selama seharian!"
"Utang Jatuh Tempo RI Juni 2025 Tembus Rp178,2 T",https://www.cnnindonesia.com/ekonomi/20250614171235-532-1239790/utang-jatuh-tempo-ri-juni-2025-tembus-rp1782-t,2025-06-14,"Utang jatuh tempo yang harus dibayar Presiden Prabowo Subianto per Juni 2025 tembus Rp178,2 triliun."
"Makin Banyak Negara Gabung BRICS, Kali Ini Vietnam",https://www.cnnindonesia.com/ekonomi/20250614154650-532-1239748/makin-banyak-negara-gabung-brics-kali-ini-vietnam,2025-06-14,"Vietnam resmi bergabung dengan BRICS sebagai negara mitra. Merapatnya Vietnam disampaikan oleh Brasil, yang saat ini memegang jabatan Presiden BRICS."
Kementerian PU Dorong Infrastruktur Sampah Berkelanjutan Menuju 2030,https://www.cnnindonesia.com/ekonomi/20250614142803-97-1239732/kementerian-pu-dorong-infrastruktur-sampah-berkelanjutan-menuju-2030,2025-06-14,"Kementerian Pekerjaan Umum (PU) memperkuat komitmennya untuk mewujudkan sistem pengelolaan sampah yang terpadu, tangguh, dan berkelanjutan hingga tahun 2030. Inisiatif ini diharapkan dapat memberikan manfaat berlipat, mulai dari pengurangan dampak lingkungan, peningkatan kesehatan masyarakat, hingga penguatan ketahanan iklim melalui pengembangan ekonomi sirkular."
Kementerian PU Tawarkan 9 Proyek KPBU Senilai Rp90 Triliun di ICI 2025,https://www.cnnindonesia.com/ekonomi/20250614135113-97-1239724/kementerian-pu-tawarkan-9-proyek-kpbu-senilai-rp90-triliun-di-ici-2025,2025-06-14,"Kementerian Pekerjaan Umum (PU) menggelar sesi presentasi proyek Kerja Sama Pemerintah dengan Badan Usaha (KPBU) dalam rangkaian International Conference of Infrastructure (ICI) 2025 sebagai ajang strategis untuk mempertemukan pemerintah dengan mitra potensial dari sektor swasta dalam membangun infrastruktur nasional yang berkelanjutan di Jakarta Convention Center (JCC), Senayan, Jakarta pada Kamis (12/6)."
Garuda Bebas Tugaskan Semua Awak Kabin Imbas HP Penumpang Hilang,https://www.cnnindonesia.com/ekonomi/20250609200827-92-1237935/garuda-bebas-tugaskan-semua-awak-kabin-imbas-hp-penumpang-hilang,2025-06-09,Garuda Indonesia membebastugaskan seluruh awak kabin penerbangan GA716 rute Jakarta-Melbourne usai seorang penumpang kehilangan handphone (HP) dalam penerbangan pada Jumat (6/6) lalu. Langkah ini dilakukan terkait investigasi menyeluruh dalam kasus ini.
Danantara Respons Rumor Minat Investasi Jika GoTo-Grab Merger,https://www.cnnindonesia.com/ekonomi/20250609134133-92-1237834/danantara-respons-rumor-minat-investasi-jika-goto-grab-merger,2025-06-09,Danantara buka suara soal rumor badan pengelola investasi tertarik untuk berinvestasi ke PT. GoTo Gojek Tokopedia Tbk dan Grab Holdings yang berpotensi merger. Rumor ini diberitakan oleh media ekonomi Bloomberg.
Membangun Jakarta Lewat Pajak: Investasi Masa Depan yang Lebih Baik,https://www.cnnindonesia.com/ekonomi/20250602213109-83-1235709/membangun-jakarta-lewat-pajak-investasi-masa-depan-yang-lebih-baik,2025-06-09,"Jelang usia ke-498 pada 22 Juni mendatang, pembangunan di DKI Jakarta terus menggeliat. Tak banyak yang tahu, pajak daerah merupakan fondasi kehadiran beragam infrastruktur modern, transportasi publik yang terintegrasi, serta peningkatan layanan masyarakat."
Prabowo soal Proyek Tanggul Laut: Tak Ada Lagi Penundaan,https://www.cnnindonesia.com/ekonomi/20250612225415-532-1239203/prabowo-soal-proyek-tanggul-laut-tak-ada-lagi-penundaan,2025-06-12,Presiden RI Prabowo Subianto memastikan akan memulai mega proyek tanggul laut Pantai Utara Jawa alias giant sea wall.
VIDEO: Melihat Rumah Subsidi 25 Meter Persegi di Tengah Kontroversi,https://www.cnnindonesia.com/ekonomi/20250612202220-96-1239187/video-melihat-rumah-subsidi-25-meter-persegi-di-tengah-kontroversi,2025-06-12,Kementerian PKP bersama Lippo Group memamerkan mock up rumah subsidi berluas 25 meter persegi.
Damri Tambah 70 Bus Listrik Baru Buatan China,https://www.cnnindonesia.com/ekonomi/20250611165332-92-1238675/damri-tambah-70-bus-listrik-baru-buatan-china,2025-06-12,"Perum Damri mengimpor 70 unit bus listrik buatan Zhongtong, China."
Pertamina Angkat Nanik S Deyang dan Wamen Investasi Jadi Komisaris,https://www.cnnindonesia.com/ekonomi/20250612202023-85-1239186/pertamina-angkat-nanik-s-deyang-dan-wamen-investasi-jadi-komisaris,2025-06-12,PT Pertamina (Persero) merombak jajaran direksi dan komisarisnya dalam Rapat Umum Pemegang Saham (RUPS) Tahunan Tahun Buku 2024 yang digelar Kamis (12/4).
James Riady-Menteri Ara Pamer Rumah Subsidi 25 M2 Berharga Rp100 Juta,https://www.cnnindonesia.com/ekonomi/20250612150839-92-1239054/james-riady-menteri-ara-pamer-rumah-subsidi-25-m2-berharga-rp100-juta,2025-06-12,CEO Lippo Group James Riady bersama Menteri Perumahan dan Kawasan Permukiman Maruarar Sirait alias Ara memamerkan rancangan rumah subsidi berluas 25 meter persegi.
Sri Mulyani Ungkap Alasan Investor Kabur dari Proyek Infrastruktur,https://www.cnnindonesia.com/ekonomi/20250612155801-532-1239080/sri-mulyani-ungkap-alasan-investor-kabur-dari-proyek-infrastruktur,2025-06-12,Menteri Keuangan Sri Mulyani mengungkap alasan investor enggan melirik proyek infrastruktur.
DPR Kritik PNBP SDA Kecil di Tengah Kaya Alam RI,https://www.cnnindonesia.com/ekonomi/20250611195846-85-1238752/dpr-kritik-pnbp-sda-kecil-di-tengah-kaya-alam-ri,2025-06-12,Ketua Komisi XI DPR Misbakhun menyoroti Penerimaan Negara Bukan Pajak (PNBP) Sumber Daya Alam (SDA) yang masih kecil. Padahal Indonesia dikenal dengan kekayaan alamnya.
"Penangkap Tommy Soeharto Out dari Komisaris PTBA, Eks Kasum TNI Masuk",https://www.cnnindonesia.com/ekonomi/20250612190618-92-1239159/penangkap-tommy-soeharto-out-dari-komisaris-ptba-eks-kasum-tni-masuk,2025-06-12,"PT Bukit Asam Tbk (PTBA) menunjuk purnawirawan TNI Bambang Ismawan menjadi Komisaris Utama sekaligus independen perusahaan dalam Rapat Umum Pemegang Saham Tahunan (RUPST) di Hotel Borobudur, Jakarta, Kamis (12/6)."
Indonesia Kirim Bantuan 10 Ton Beras ke Palestina Akhir Bulan Ini,https://www.cnnindonesia.com/ekonomi/20250612160523-92-1239085/indonesia-kirim-bantuan-10-ton-beras-ke-palestina-akhir-bulan-ini,2025-06-12,Pemerintah Indonesia akan mengirimkan bantuan kemanusiaan sebesar 10 ribu ton beras ke Palestina.
Saham Boeing Anjlok 8 Persen Usai Pesawat Air India Jatuh,https://www.cnnindonesia.com/ekonomi/20250612183433-92-1239149/saham-boeing-anjlok-8-persen-usai-pesawat-air-india-jatuh,2025-06-12,Saham produsen pesawat asal Amerika Serikat (AS) Boeing mengalami penurunan tajam hingga 8 persen dalam perdagangan pra-pasar di AS pada Kamis (12/6) waktu setempat.
"IUP Nikel Raja Ampat Terbit 2017, Bahlil Masih Jadi Apa?",https://www.cnnindonesia.com/ekonomi/20250607193308-92-1237505/iup-nikel-raja-ampat-terbit-2017-bahlil-masih-jadi-apa,2025-06-07,Izin Usaha Pertambangan (IUP) nikel milik PT GAG Nikel (GN) diklaim terbit sejak tahun 2017.
"Jangan Lewatkan Transmart Full Day Sale Besok, Ada Diskon 50% + 20%",https://www.cnnindonesia.com/ekonomi/20250605154930-97-1236927/jangan-lewatkan-transmart-full-day-sale-besok-ada-diskon-50-20,2025-06-07,"Jangan sampai lewatkan Transmart Full Day Sale besok, Minggu (8/6) karena bertabur diskon 50 persen dan masih juga ada tambahan diskon 20 persen selama seharian!"
"Airlangga Sebut IEU CEPA Tinggal Finalisasi, Tak Ada Ganjalan Tersisa",https://www.cnnindonesia.com/ekonomi/20250607195256-97-1237508/airlangga-sebut-ieu-cepa-tinggal-finalisasi-tak-ada-ganjalan-tersisa,2025-06-07,Pemerintah Indonesia dan Uni Eropa telah mencapai kemajuan signifikan dalam perundingan Indonesia-European Union Comprehensive Economic Partnership Agreement (IEU CEPA).
Kebaikan Iduladha 1446 H: Ratusan Kurban BPKH Jangkau Pelosok Negeri,https://www.cnnindonesia.com/ekonomi/20250607172115-625-1237469/kebaikan-iduladha-1446-h-ratusan-kurban-bpkh-jangkau-pelosok-negeri,2025-06-07,"Badan Pengelola Keuangan Haji (BPKH) kembali menggelar program Sedekah Kurban 1446 Hijriah bertema ""Menebar Kebaikan, Berbagi Kebahagiaan"". Konsistensi penyelenggaraan program selama 5 tahun sejak 2020 menunjukkan komitmen BPKH dalam menyalurkan manfaat keuangan haji kepada masyarakat."
Elon Musk Mau Bikin Partai Politik di Tengah Ketegangan dengan Trump,https://www.cnnindonesia.com/ekonomi/20250607194607-99-1237506/elon-musk-mau-bikin-partai-politik-di-tengah-ketegangan-dengan-trump,2025-06-07,"Pengusaha teknologi Amerika Serikat (AS) sekaligus orang terkaya di dunia, Elon Musk membuka jajak pendapat lewat media sosial X terkait rencananya untuk membentuk partai baru di tengah ketegangannya dengan Presiden AS Donald Trump."
"Besok Transmart Full Day Sale, Sepeda Listrik Diskon Jutaan Rupiah",https://www.cnnindonesia.com/ekonomi/20250605194709-97-1237036/besok-transmart-full-day-sale-sepeda-listrik-diskon-jutaan-rupiah,2025-06-07,Transmart Full Day Sale hadir lagi besok (8/6) manjakan pelanggan dengan diskon gede-gedean hingga 25% + 20% untuk pembelian sepeda listrik.
Pear Century & Anggur Red Globe Diskon 20% di Transmart Full Day Sale,https://www.cnnindonesia.com/ekonomi/20250606154111-97-1237251/pear-century-anggur-red-globe-diskon-20-di-transmart-full-day-sale,2025-06-07,"Pesta diskon Transmart Full Day Sale datang lagi besok, Minggu (8/6), dengan diskon gede-gedean untuk berbagai produk terpilih. Berbagai macam produk segar juga diskon 20 persen."
Bahlil Cek Pulau GAG Raja Ampat Terkait Polemik Tambang Nikel,https://www.cnnindonesia.com/ekonomi/20250607174218-85-1237475/bahlil-cek-pulau-gag-raja-ampat-terkait-polemik-tambang-nikel,2025-06-07,"Menteri Energi dan Sumber Daya Mineral (ESDM) Bahlil Lahadalia mengecek langsung tambang nikel di Pulau Gag, Raja Ampat, Papua Barat Daya. Ia mengaku datang sebagai respons dari protes masyarakat dan sekaligus untuk mendapat gambaran objektif dari kondisi di lapangan."
"Transmart Full Day Sale, Aneka Barang Elektronik Diskon Jutaan Rupiah",https://www.cnnindonesia.com/ekonomi/20250605160706-97-1236933/transmart-full-day-sale-aneka-barang-elektronik-diskon-jutaan-rupiah,2025-06-07,"Transmart Full Day Sale kembali lagi besok, Minggu (8/6). Aneka barang elektronik, seperti AC, kulkas, hingga Smart TV, semua diskon sampai jutaan rupiah."
"Siap-Siap Belanja, Pesta Diskon Transmart Full Day Sale Kembali 8 Juni",https://www.cnnindonesia.com/ekonomi/20250605152449-97-1236911/siap-siap-belanja-pesta-diskon-transmart-full-day-sale-kembali-8-juni,2025-06-07,"Siap-siap belanja ya, soalnya Transmart Full Day Sale kembali lagi esok hari, Minggu (8/6). Di pesta diskon ini, Transmart kasih diskon dobel, 50 persen dan ekstra diskon 20 persen selama seharian!"
"Usai Raja Ampat, HIPMI Minta Pemerintah Tindak Tegas Tambang Nakal",https://www.cnnindonesia.com/ekonomi/20250608183327-85-1237690/usai-raja-ampat-hipmi-minta-pemerintah-tindak-tegas-tambang-nakal,2025-06-08,Sekretaris Jenderal Badan Pengurus Pusat Himpunan Pengusaha Muda Indonesia (BPP HIPMI) Anggawira meminta pemerintah menindak tegas tambang-tambang nakal usai kasus Raja Ampat.
"Kulkas SBS Diskon Gila-gilaan di Transmart, Harganya Jadi Segini",https://www.cnnindonesia.com/ekonomi/20250605165455-97-1236953/kulkas-sbs-diskon-gila-gilaan-di-transmart-harganya-jadi-segini,2025-06-08,"Transmart Full Day Sale datang lagi hari ini, Minggu (6/8) dengan diskon gila-gilaan untuk berbagai produk unggulan terpilih."
"Belanja Baju Anak di Transmart Full Day Sale, Diskon hingga 70%",https://www.cnnindonesia.com/ekonomi/20250606151748-97-1237243/belanja-baju-anak-di-transmart-full-day-sale-diskon-hingga-70,2025-06-08,"Pakaian anak lagi banyak promonya di Transmart Department Store. Diskon ini berlaku selama gelaran Transmart Full Day Sale hari ini, Minggu (8/6)."
Smart TV 65 Inch Banting Harga di Transmart Full Day Sale Hari Ini,https://www.cnnindonesia.com/ekonomi/20250605172013-97-1236978/smart-tv-65-inch-banting-harga-di-transmart-full-day-sale-hari-ini,2025-06-08,"Smart TV 65 inch banting harga di Transmart Full Day Sale hari ini, Minggu (8/6), dari harga normal Rp10 jutaan jadi Rp6,7 jutaan aja!"
PT GAG Nikel Dapat Hak Spesial Sehingga Bisa Keruk Nikel Raja Ampat,https://www.cnnindonesia.com/ekonomi/20250608140946-85-1237642/pt-gag-nikel-dapat-hak-spesial-sehingga-bisa-keruk-nikel-raja-ampat,2025-06-08,"Kementerian Lingkungan Hidup (KLH) mengungkapkan ternyata PT GAG Nikel mendapatkan hak spesial sehingga bisa mengeruk kekayaan alam di Raja Ampat, Provinsi Papua Barat Daya."
"Sepeda Diskon Lagi di Transmart Full Day Sale, Jadi Cuma Rp1 Juta",https://www.cnnindonesia.com/ekonomi/20250605195549-97-1237039/sepeda-diskon-lagi-di-transmart-full-day-sale-jadi-cuma-rp1-juta,2025-06-08,Aneka sepeda lagi diskon besar-besaran hingga 60% + 20% di Transmart. Diskon tersebut berlaku untuk pembelian selama gelaran Transmart Full Day Sale yang berlangsung hari ini (8/6).
"Sambut HUT ke-11, Discovery Ancol Gelar Fun Run",https://www.cnnindonesia.com/ekonomi/20250608132424-625-1237628/sambut-hut-ke-11-discovery-ancol-gelar-fun-run,2025-06-08,"Discovery Ancol sukses menggelar Discovery Ancol Fun Run, sebuah ajang olahraga santai yang dikemas penuh semangat dan hiburan di kawasan wisata pantai Ancol, Jakarta, Minggu (8/6) pagi."
Daftar 5 Perusahaan Dapat Izin Keruk Tambang di Kawasan Raja Ampat,https://www.cnnindonesia.com/ekonomi/20250601051757-85-1235149/daftar-5-perusahaan-dapat-izin-keruk-tambang-di-kawasan-raja-ampat,2025-06-08,"Kementerian ESDM mencatat ada lima perusahaan yang mendapat izin melakukan pengerukan dan penambangan di sekitar wilayah Raja Ampat, Papua Barat."
Kementerian PU Rampungkan Paralympic Training Center di Karanganyar,https://www.cnnindonesia.com/ekonomi/20250608123051-97-1237620/kementerian-pu-rampungkan-paralympic-training-center-di-karanganyar,2025-06-08,"Kementerian Pekerjaan Umum (PU) menuntaskan pembangunan Paralympic Training Center di Kabupaten Karanganyar, Jawa Tengah. Hal ini sebagai bentuk nyata dukungan terhadap peningkatan prestasi atlet difabel Indonesia."
Bank Mandiri Perkuat Komitmen Lewat Program Kurban di Iduladha 1446 H,https://www.cnnindonesia.com/ekonomi/20250606201928-625-1237324/bank-mandiri-perkuat-komitmen-lewat-program-kurban-di-iduladha-1446-h,2025-06-06,"Memaknai Idul Adha 1446 Hijriah sebagai momentum berbagi dan memperkuat solidaritas sosial, Bank Mandiri Group kembali menjalankan program kurban sebagai bagian dari komitmen layanan kepada masyarakat. Program ini juga menjadi wujud nyata kepedulian perseroan terhadap masyarakat."
204 Ribu Kendaraan Tinggalkan Jabotabek pada H-1 Iduladha,https://www.cnnindonesia.com/ekonomi/20250606183602-92-1237302/204-ribu-kendaraan-tinggalkan-jabotabek-pada-h-1-iduladha,2025-06-06,"Sebanyak 204.385 kendaraan meninggalkan wilayah Jabotabek pada H-1 Hari Raya Iduladha, Kamis, (5/6)."
Citilink Berlakukan Diskon Tarif Nasional hingga 31 Juli 2025,https://www.cnnindonesia.com/ekonomi/20250606171347-92-1237279/citilink-berlakukan-diskon-tarif-nasional-hingga-31-juli-2025,2025-06-06,Maskapai penerbangan nasional Citilink mulai memberlakukan program diskon tarif tiket pesawat yang berlaku mulai 6 Juni hingga 31 Juli 2025.
Kemenkeu Bantah Permudah Impor Barang Buntut Negosiasi Tarif Trump,https://www.cnnindonesia.com/ekonomi/20250604212446-532-1236604/kemenkeu-bantah-permudah-impor-barang-buntut-negosiasi-tarif-trump,2025-06-06,Kementerian Keuangan (Kemenkeu) membantah aturan mempermudah barang impor yang akan berlaku mulai 6 Juni 2025 merupakan hasil kesepakatan dalam negosiasi tarif dengan Presiden AS Donald Trump.
Rizal Malarangeng Hengkang dari Kursi Komisaris Perusahaan Jusuf Hamka,https://www.cnnindonesia.com/ekonomi/20250606164702-92-1237289/rizal-malarangeng-hengkang-dari-kursi-komisaris-perusahaan-jusuf-hamka,2025-06-06,"Politisi Rizal Mallarangeng menjadi satu dari tiga anggota dewan komisaris PT Citra Marga Nusaphala Persada Tbk (CMNP), emiten jalan tol yang terafiliasi dengan pengusaha Jusuf Hamka, yang mengundurkan diri secara bersamaan."
"Syukuran HUT ke-26, PNM Berbagi Lewat Sedekah Kurban di 26 Wilayah",https://www.cnnindonesia.com/ekonomi/20250606154733-625-1237255/syukuran-hut-ke-26-pnm-berbagi-lewat-sedekah-kurban-di-26-wilayah,2025-06-06,"Dalam rangka memperingati Hari Ulang Tahun ke-26 pada 1 Juni 2025 dan bertepatan dengan momen Iduladha 1446 H, PT Permodalan Nasional Madani (PNM) menggelar aksi sedekah kurban di 26 titik di seluruh Indonesia."
"Mentan Singgung Mafia Pangan Masih Ada, Ingin Pemerintah Impor Beras",https://www.cnnindonesia.com/ekonomi/20250606154131-92-1237253/mentan-singgung-mafia-pangan-masih-ada-ingin-pemerintah-impor-beras,2025-06-06,Menteri Pertanian (Mentan) Andi Amran Sulaiman menuturkan masih ada beberapa oknum mafia pangan yang ingin mempermainkan situasi saat pemerintah tengah menggalakkan program ketahanan pangan.
"Tarif Tol Trans Jawa Diskon 20 Persen Mulai Hari Ini, Berlaku di Mana?",https://www.cnnindonesia.com/ekonomi/20250606142745-92-1237230/tarif-tol-trans-jawa-diskon-20-persen-mulai-hari-ini-berlaku-di-mana,2025-06-06,"PT Jasamarga Transjawa Tol (JTT), bagian dari Jasa Marga Group, mulai memberlakukan diskon tarif sebesar 20 persen di sejumlah ruas Tol Trans Jawa."
"Setop Eksploitasi Nikel Raja Ampat, 75 Persen Karang Dunia Ada di Sana",https://www.cnnindonesia.com/ekonomi/20250606130635-85-1237193/setop-eksploitasi-nikel-raja-ampat-75-persen-karang-dunia-ada-di-sana,2025-06-06,"Penelitian cepat tim ahli dari Conservation International, The Nature Conservancy, dan Lembaga Oseanografi Nasional (LON) LIPI pada tahun 2001 dan 2002 menyebutkan sebanyak 75 persen karang dunia ada di perairan Raja Ampat, Papua Barat Daya."
Bahlil Bakal Tinjau Langsung Tambang Nikel di Raja Ampat Usai Dikritik,https://www.cnnindonesia.com/ekonomi/20250606124454-85-1237185/bahlil-bakal-tinjau-langsung-tambang-nikel-di-raja-ampat-usai-dikritik,2025-06-06,"Menteri Energi dan Sumber Daya Mineral (ESDM) Bahlil Lahadalia mengaku segera terbang untuk meninjau lokasi tambang nikel di Kabupaten Raja Ampat, Papua Barat Daya, usai menjadi sorotan belakangan."
KLH Temukan Pelanggaran Serius 4 Perusahaan Nikel di Raja Ampat,https://www.cnnindonesia.com/ekonomi/20250605225120-85-1237070/klh-temukan-pelanggaran-serius-4-perusahaan-nikel-di-raja-ampat,2025-06-05,"Kementerian Lingkungan Hidup menemukan pelanggaran serius terhadap empat kegiatan pertambangan nikel di wilayah Raja Ampat, Provinsi Papua Barat Daya."
"Besok Iduladha, Berapa Stok Hewan Kurban RI Saat Ini?",https://www.cnnindonesia.com/ekonomi/20250605155631-92-1236929/besok-iduladha-berapa-stok-hewan-kurban-ri-saat-ini,2025-06-05,"Kementerian Koordinator Bidang Pangan (Kemenko Pangan) mencatat ketersediaan hewan kurban secara nasional mencapai 3,2 juta ekor menjelang Hari Raya Iduladha 2025."
"Satgas Bongkar Sabotase Data Ribuan Ton Beras, Ada 6 Temuan Kritis",https://www.cnnindonesia.com/ekonomi/20250605152538-92-1236913/satgas-bongkar-sabotase-data-ribuan-ton-beras-ada-6-temuan-kritis,2025-06-05,Satgas Pangan Mabes Polri mengungkap dugaan sabotase data distribusi ketahanan pangan terkait dengan pernyataan 11 ribu ton lebih beras keluar dari Pasar Induk Besar Cipinang akhir Mei lalu.
"Bahlil Bilang Jangan Kufur Nikmat soal Lapangan Kerja, Yuk Cek Datanya",https://www.cnnindonesia.com/ekonomi/20250605122738-92-1236806/bahlil-bilang-jangan-kufur-nikmat-soal-lapangan-kerja-yuk-cek-datanya,2025-06-05,Menteri Energi dan Sumber Daya Mineral (ESDM) Bahlil Lahadalia menyentil pihak-pihak yang menyebut lapangan kerja sulit ditemukan di Indonesia.
"Menaker: BSU Rp600 Ribu Belum Cair Hari Ini, Butuh Waktu",https://www.cnnindonesia.com/ekonomi/20250605194640-92-1237035/menaker-bsu-rp600-ribu-belum-cair-hari-ini-butuh-waktu,2025-06-05,"Menteri Ketenagakerjaan (Menaker) Yassierli memastikan bantuan subsidi upah (BSU) belum dicairkan pada hari ini, Kamis (5/6)."
PNM Hijaukan Indonesia Lewat Pelestarian Hutan dan Terumbu Karang,https://www.cnnindonesia.com/ekonomi/20250605193411-625-1237031/pnm-hijaukan-indonesia-lewat-pelestarian-hutan-dan-terumbu-karang,2025-06-05,"PT Permodalan Nasional Madani (PNM) menunjukkan komitmen berkelanjutan di Hari Lingkungan Hidup Sedunia melalui berbagai inisiatif tanggung jawab sosial dan lingkungan (TJSL). Melalui program PNM Hijaukan Indonesia dan PNM Peduli Terumbu Karang, perusahaan turut berkontribusi dalam menjaga keberlanjutan alam Indonesia."
Profil Dua Perusahaan Nikel yang Diduga Cemari Raja Ampat,https://www.cnnindonesia.com/ekonomi/20250605191316-85-1237028/profil-dua-perusahaan-nikel-yang-diduga-cemari-raja-ampat,2025-06-05,"Dua perusahaan pertambangan nikel, PT GAG Nikel dan PT Kawei Sejahtera Mining, menjadi sorotan atas dugaan mencemari alam Raja Ampat, Papua Barat Daya."
GAG Nikel Buka Suara usai Bahlil Setop Tambang Nikel di Raja Ampat,https://www.cnnindonesia.com/ekonomi/20250605184147-85-1237017/gag-nikel-buka-suara-usai-bahlil-setop-tambang-nikel-di-raja-ampat,2025-06-05,"PT GAG Nikel, anak perusahaan PT Antam Tbk, merespons soal keputusan Menteri ESDM Bahlil Lahadalia menghentikan sementara aktivitas tambang nikel perusahaan di Raja Ampat, Papua Barat Daya."
TelkomGroup Salurkan 946 Hewan Kurban untuk Masyarakat Indonesia,https://www.cnnindonesia.com/ekonomi/20250605175231-625-1236994/telkomgroup-salurkan-946-hewan-kurban-untuk-masyarakat-indonesia,2025-06-05,"Dalam rangka memperingati Hari Raya Iduladha 1446 Hijriah, PT Telkom Indonesia (Persero) Tbk (Telkom) menyerahkan sebanyak 946 hewan kurban yang terdiri dari 219 ekor sapi dan 727 ekor kambing/domba."
Airlangga Tunjukkan Posisi Proaktif RI dalam Negosiasi Internasional,https://www.cnnindonesia.com/ekonomi/20250603212228-97-1236165/airlangga-tunjukkan-posisi-proaktif-ri-dalam-negosiasi-internasional,2025-06-03,"Menteri Koordinator Bidang Perekonomian Airlangga Hartarto melakukan pertemuan strategis dengan United States Trade Representative Jamieson Greer di sela-sela Pertemuan Tingkat Menteri (PTM) Dewan OECD hari pertama di Paris, Prancis, Selasa (3/6)."
"Kena Imbas Tarif Trump, Aktivitas Pabrik China Menyusut pada Mei 2025",https://www.cnnindonesia.com/ekonomi/20250603121508-92-1235876/kena-imbas-tarif-trump-aktivitas-pabrik-china-menyusut-pada-mei-2025,2025-06-03,Aktivitas pabrik di China menyusut untuk pertama kalinya dalam delapan bulan terakhir pada Mei 2025. Hal itu mengindikasikan tarif Amerika Serikat (AS) kini mulai secara langsung merugikan negara perekonomian kedua terbesar tersebut.
Airlangga Serahkan Initial Memorandum Aksesi RI di MCM OECD 2025,https://www.cnnindonesia.com/ekonomi/20250603212234-97-1236166/airlangga-serahkan-initial-memorandum-aksesi-ri-di-mcm-oecd-2025,2025-06-03,"Menteri Koordinator Bidang Perekonomian, Airlangga Hartarto hadir di rangkaian Ministerial Council Meeting (MCM) Organisation for Economic Co-operation and Development (OECD) 2025 di Paris, Prancis, yang diselenggarakan pada 3-4 Juni 2025."
"Menko Perekonomian Bertemu Wamendag Chili di Paris, Perkuat Kemitraan",https://www.cnnindonesia.com/ekonomi/20250603204128-97-1236159/menko-perekonomian-bertemu-wamendag-chili-di-paris-perkuat-kemitraan,2025-06-03,"Menteri Koordinator Bidang Perekonomian, Airlangga Hartarto, menggelar pertemuan bilateral dengan Wakil Menteri Perdagangan Chili, Claudia Sanhueza, di sela-sela Pertemuan Tingkat Menteri (Ministerial Council Meeting/MCM) OECD 2025 di Paris, Selasa (3/6)."
BPKN Minta Pengusaha Travel Penuhi Hak Calon Jemaah Gagal Pergi Haji,https://www.cnnindonesia.com/ekonomi/20250603204000-92-1236157/bpkn-minta-pengusaha-travel-penuhi-hak-calon-jemaah-gagal-pergi-haji,2025-06-03,"Ketua Badan Perlindungan Konsumen Nasional (BPKN) M Mufti Mubarok meminta seluruh Penyelenggara Ibadah Haji Khusus (PIHK), khususnya penyedia layanan haji furoda, untuk tetap memenuhi hak-hak para calon jemaah yang gagal diberangkatkan pada musim haji 2025."
"Temui Dirjen WTO, Menko Airlangga Tekankan Multilateralisme yang Adil",https://www.cnnindonesia.com/ekonomi/20250603201251-97-1236149/temui-dirjen-wto-menko-airlangga-tekankan-multilateralisme-yang-adil,2025-06-03,"Menteri Koordinator Bidang Perekonomian, Airlangga Hartarto, menggelar pertemuan bilateral dengan Direktur Jenderal World Trade Organization (WTO), Ngozi Okonjo-Iweala, di Paris, Selasa (3/6)."
Fahri Usul Pajak Tinggi Buat Rumah dan Hapus Subsidi untuk Pembeli,https://www.cnnindonesia.com/ekonomi/20250603195555-92-1236145/fahri-usul-pajak-tinggi-buat-rumah-dan-hapus-subsidi-untuk-pembeli,2025-06-03,Wakil Menteri Perumahan dan Kawasan Permukiman (PKP) Fahri Hamzah punya dua usul penting demi memuluskan program tiga juta rumah yang dicanangkan Presiden Prabowo Subianto.
AS Kelabakan Gegara China Setop Logam Penting Ini Buntut Perang Tarif,https://www.cnnindonesia.com/ekonomi/20250603192654-92-1236137/as-kelabakan-gegara-china-setop-logam-penting-ini-buntut-perang-tarif,2025-06-03,"Amerika Serikat (AS) tengah dibuat kelabakan setelah China memperketat ekspor logam tanah jarang (rare earth), bahan baku vital yang dibutuhkan untuk teknologi canggih seperti chip, pesawat tempur, kendaraan listrik, dan sistem pertahanan."
INFOGRAFIS: Wangi Uang dari Bisnis Kemenyan,https://www.cnnindonesia.com/ekonomi/20250603191819-95-1236134/infografis-wangi-uang-dari-bisnis-kemenyan,2025-06-03,Ketua Dewan Energi Nasional (DEN) Luhut Binsar Pandjaitan mendorong hilirisasi kemenyan. Luhut melihat tingginya ekspor resin dari Sumatera Utara.
Menkeu Tambah Anggaran Mobil Dinas Eselon 1 Nyaris Rp1 M per Orang,https://www.cnnindonesia.com/ekonomi/20250603184954-532-1236124/menkeu-tambah-anggaran-mobil-dinas-eselon-1-nyaris-rp1-m-per-orang,2025-06-03,Menteri Keuangan Sri Mulyani menambah anggaran penyediaan mobil dinas untuk pejabat eselon I hingga nyaris Rp1 miliar per orang.
"Kementerian PU: Progres Pembangunan Bendungan Mbay di NTT Capai 80,69%",https://www.cnnindonesia.com/ekonomi/20250602202055-97-1235695/kementerian-pu-progres-pembangunan-bendungan-mbay-di-ntt-capai-8069,2025-06-02,"Pemerintah melalui Kementerian Pekerjaan Umum (PU) terus mempercepat pembangunan Bendungan Mbay di Kabupaten Nagekeo, Nusa Tenggara Timur (NTT), sebagai bagian dari upaya memperkuat ketahanan pangan nasional. Hingga akhir Mei 2025, progres konstruksi bendungan tersebut telah mencapai 80,69 persen dan ditargetkan selesai pada Desember 2026."
"Hendra Lembong Resmi Jadi Presdir BCA, Jahja Setiaatmadja Preskom",https://www.cnnindonesia.com/ekonomi/20250602204243-78-1235700/hendra-lembong-resmi-jadi-presdir-bca-jahja-setiaatmadja-preskom,2025-06-02,PT Bank Central Asia (BCA) Tbk resmi mengumumkan susunan pengurus barunya.
China Sudah Investasi Rp70 T di IKN hingga Mei 2025,https://www.cnnindonesia.com/ekonomi/20250602183831-92-1235669/china-sudah-investasi-rp70-t-di-ikn-hingga-mei-2025,2025-06-02,Otorita Ibu Kota Nusantara (OIKN) menyebut China sudah menggelontorkan investasi Rp70 triliun ke IKN sampai dengan Mei 2025.
"'Kuliner Pilihan Lokal' ShopeeFood, Jajan Legendaris hingga Hidden Gem",https://www.cnnindonesia.com/ekonomi/20250602194221-625-1235682/kuliner-pilihan-lokal-shopeefood-jajan-legendaris-hingga-hidden-gem,2025-06-02,"ShopeeFood menggandang konten kreator Gina Angelia dalam program ""Kuliner Pilihan Lokal"", yang membagikan rekomendasi makanan di berbagai kota, sekaligus mengangkat kisah para pelaku usaha UMKM menggunakan fitur dan beragam promosi ShopeeFood untuk memperluas jangkauan bisnis mereka secara digital."
"Orang RI Sudah 'Terjerat' Utang Paylater Rp29,59 T per April 2025",https://www.cnnindonesia.com/ekonomi/20250602170940-78-1235647/orang-ri-sudah-terjerat-utang-paylater-rp2959-t-per-april-2025,2025-06-02,"Otoritas Jasa Keuangan (OJK) mencatat total utang masyarakat Indonesia di layanan Buy Now Pay Later (BNPL) alias paylater mencapai Rp29,59 triliun per April 2025."
Artha Graha Peduli Rayakan Pancasila & Hari Anak di Perumahan REC,https://www.cnnindonesia.com/ekonomi/20250602190511-625-1235678/artha-graha-peduli-rayakan-pancasila-hari-anak-di-perumahan-rec,2025-06-02,"Dalam rangka memperingati Hari Lahir Pancasila dan Hari Anak Internasional, Artha Graha Peduli melalui PT Makmur Elok Graha menggelar perayaan penuh warna dan makna di kawasan Perumahan Rempang Eco City (REC), Batam. Kegiatan ini menjadi ruang belajar sekaligus bersenang-senang bagi anak-anak dan keluarga, dengan tujuan menanamkan nilai persatuan, gotong royong, dan keberagaman budaya sejak usia dini."
Sri Mulyani Hapus Uang Saku Rapat Luar Kantor-Paket Data PNS,https://www.cnnindonesia.com/ekonomi/20250602161423-532-1235608/sri-mulyani-hapus-uang-saku-rapat-luar-kantor-paket-data-pns,2025-06-02,Menteri Keuangan (Menkeu) Sri Mulyani memperketat penggunaan biaya rapat sampai uang saku pejabat dan PNS di 2026 demi efisiensi anggaran.
Pengamat: Cutber Long Weekend Bebani Warga Kelas Menengah Bawah,https://www.cnnindonesia.com/ekonomi/20250602140249-92-1235551/pengamat-cutber-long-weekend-bebani-warga-kelas-menengah-bawah,2025-06-02,Pengamat mengkritik banyaknya cuti bersama yang ditetapkan pemerintah.
Kemenkeu Buka Alasan Patok Anggaran Makan Menteri di Rapat Rp118 Ribu,https://www.cnnindonesia.com/ekonomi/20250602172653-532-1235651/kemenkeu-buka-alasan-patok-anggaran-makan-menteri-di-rapat-rp118-ribu,2025-06-02,Kementerian Keuangan (Kemenkeu) mengungkap alasan menetapkan besaran anggaran maksimal untuk makan per orang adalah Rp118 ribu dan snack Rp53 ribu dalam rapat koordinasi tingkat menteri/wakil menteri atau eselon I dan yang setara.
OJK Sebut Saham Sritex Sudah Layak Ditendang dari Bursa,https://www.cnnindonesia.com/ekonomi/20250602175859-92-1235659/ojk-sebut-saham-sritex-sudah-layak-ditendang-dari-bursa,2025-06-02,Otoritas Jasa Keuangan (OJK) buka suara soal nasib saham PT. Sri Rejeki Isman Tbk alias Sritex yang resmi tutup.
"Obral TV di Transmart Full Day Sale, Diskonnya Tembus Rp2 Jutaan",https://www.cnnindonesia.com/ekonomi/20250601175506-97-1235297/obral-tv-di-transmart-full-day-sale-diskonnya-tembus-rp2-jutaan,2025-06-01,"Selain produk segar, berbagai barang elektronik juga ditawarkan dengan harga miring di momen Transmart Full Day Sale, Minggu (1/6) hari ini. Salah satu yang jadi incaran pengunjung adalah produk televisi berbagai merk."
Berburu Daging Segar Murah di Transmart Full Day Sale Buat Ultah Mama,https://www.cnnindonesia.com/ekonomi/20250601172615-92-1235285/berburu-daging-segar-murah-di-transmart-full-day-sale-buat-ultah-mama,2025-06-01,"Aneka daging segar dengan harga murah tak boleh dilewatkan di momen Transmart Full Day Sale, Minggu (1/6) hari ini."
Kulkas SBS Turun Harga Jutaan Rupiah di Transmart Full Day Sale,https://www.cnnindonesia.com/ekonomi/20250528114841-97-1234063/kulkas-sbs-turun-harga-jutaan-rupiah-di-transmart-full-day-sale,2025-06-01,"Transmart Full Day Sale datang lagi hari ini, Minggu (1/6) dengan diskon besar-besaran untuk berbagai produk unggulan terpilih."
